account_id,num_logins,num_unique_ips,num_unique_devices,num_unique_countries,num_unique_cities,primary_ip_share,max_implied_speed_kmh,max_concurrent_streams,logins_per_day,ground_truth_label,rule_based_label,anomaly_score,cluster,cluster_tier,anomaly_tier
acct_000000,24.0,2.0,1.0,1.0,1.0,0.542,0.0,2.0,0.46,Safe,Safe,0.4840575133200793,0,Safe,Safe
acct_000001,422.0,131.0,12.0,16.0,20.0,0.118,1000465.4,11.0,7.12,Abusive,Abusive,0.6645357758911755,1,Abusive,Abusive
acct_000002,94.0,12.0,5.0,9.0,10.0,0.404,345972.0,5.0,1.58,Potential Abuse,Abusive,0.5512731013642275,2,Potential Abuse,Potential Abuse
acct_000003,109.0,11.0,5.0,6.0,7.0,0.404,551775.2,3.0,1.84,Potential Abuse,Potential Abuse,0.49593729335381936,2,Potential Abuse,Safe
acct_000004,72.0,10.0,5.0,7.0,7.0,0.389,678591.7,3.0,1.22,Potential Abuse,Potential Abuse,0.4934223680824738,2,Potential Abuse,Safe
acct_000005,66.0,2.0,3.0,1.0,1.0,0.5,0.0,2.0,1.15,Safe,Safe,0.47030492453431716,0,Safe,Safe
acct_000006,72.0,2.0,1.0,2.0,2.0,0.986,2525.5,2.0,1.25,Safe,Potential Abuse,0.4449397447168186,0,Safe,Safe
acct_000007,105.0,10.0,6.0,8.0,9.0,0.524,67971.5,3.0,1.8,Potential Abuse,Abusive,0.527659358511485,2,Potential Abuse,Potential Abuse
acct_000008,35.0,1.0,3.0,1.0,1.0,1.0,0.0,2.0,0.66,Safe,Safe,0.434859524239214,0,Safe,Safe
acct_000009,51.0,6.0,5.0,4.0,4.0,0.392,3521.8,3.0,0.88,Potential Abuse,Potential Abuse,0.5098829994407333,2,Potential Abuse,Potential Abuse
acct_000010,80.0,3.0,1.0,3.0,3.0,0.975,4067.1,2.0,1.35,Safe,Potential Abuse,0.4950375118948342,0,Safe,Safe
acct_000011,174.0,50.0,15.0,14.0,17.0,0.195,983647.9,11.0,2.99,Abusive,Abusive,0.6805964582242817,1,Abusive,Abusive
acct_000012,41.0,4.0,2.0,4.0,4.0,0.927,2339.7,2.0,0.73,Safe,Potential Abuse,0.5350555966991696,0,Safe,Potential Abuse
acct_000013,64.0,3.0,2.0,2.0,2.0,0.562,2457.0,2.0,1.11,Safe,Potential Abuse,0.43752035863211863,0,Safe,Safe
acct_000014,89.0,11.0,5.0,8.0,8.0,0.528,103490.2,3.0,1.51,Potential Abuse,Abusive,0.502870594834152,2,Potential Abuse,Potential Abuse
acct_000015,73.0,1.0,2.0,1.0,1.0,1.0,0.0,2.0,1.24,Safe,Safe,0.4402104655380014,0,Safe,Safe
acct_000016,75.0,1.0,2.0,1.0,1.0,1.0,0.0,2.0,1.27,Safe,Safe,0.4461867813170164,0,Safe,Safe
acct_000017,64.0,3.0,2.0,2.0,2.0,0.625,251.1,2.0,1.13,Safe,Potential Abuse,0.45397809687740603,0,Safe,Safe
acct_000018,119.0,10.0,5.0,7.0,7.0,0.286,177374.1,4.0,2.06,Potential Abuse,Potential Abuse,0.5229681125429299,2,Potential Abuse,Potential Abuse
acct_000019,48.0,1.0,1.0,1.0,1.0,1.0,0.0,2.0,0.9,Safe,Safe,0.43114088402217277,0,Safe,Safe
acct_000020,69.0,5.0,5.0,4.0,5.0,0.478,163565.8,4.0,1.2,Potential Abuse,Potential Abuse,0.4776382842148334,2,Potential Abuse,Safe
acct_000021,48.0,3.0,1.0,2.0,2.0,0.521,680.0,2.0,0.86,Safe,Potential Abuse,0.44771934213871145,0,Safe,Safe
acct_000022,104.0,12.0,6.0,8.0,10.0,0.452,534931.6,5.0,1.78,Potential Abuse,Abusive,0.5462156505539838,2,Potential Abuse,Potential Abuse
acct_000023,53.0,8.0,5.0,7.0,7.0,0.358,201739.9,3.0,0.91,Potential Abuse,Potential Abuse,0.5038950796478885,2,Potential Abuse,Potential Abuse
acct_000024,24.0,1.0,1.0,1.0,1.0,1.0,0.0,1.0,0.4,Safe,Safe,0.5011297918783636,0,Safe,Potential Abuse
acct_000025,49.0,1.0,2.0,1.0,1.0,1.0,0.0,2.0,0.82,Safe,Safe,0.4181305305391062,0,Safe,Safe
acct_000026,72.0,3.0,3.0,3.0,3.0,0.972,1652.1,2.0,1.21,Safe,Potential Abuse,0.47815118108966853,0,Safe,Safe
acct_000027,24.0,1.0,3.0,1.0,1.0,1.0,0.0,2.0,0.42,Safe,Safe,0.45991106262258413,0,Safe,Safe
acct_000028,50.0,5.0,6.0,4.0,4.0,0.56,5547.9,2.0,0.88,Potential Abuse,Potential Abuse,0.5207965618215945,2,Potential Abuse,Potential Abuse
acct_000029,42.0,2.0,2.0,2.0,2.0,0.976,667.9,2.0,0.76,Safe,Potential Abuse,0.4347560050655616,0,Safe,Safe
acct_000030,78.0,9.0,5.0,6.0,8.0,0.474,245912.0,4.0,1.33,Potential Abuse,Potential Abuse,0.47816792865842156,2,Potential Abuse,Safe
acct_000031,81.0,3.0,2.0,2.0,2.0,0.556,211.2,2.0,1.37,Safe,Potential Abuse,0.4610953023649106,0,Safe,Safe
acct_000032,49.0,3.0,3.0,3.0,3.0,0.959,8647.0,4.0,0.84,Safe,Potential Abuse,0.5258094034201066,0,Safe,Potential Abuse
acct_000033,57.0,3.0,2.0,2.0,2.0,0.509,383.4,2.0,0.98,Safe,Potential Abuse,0.44181012469147257,0,Safe,Safe
acct_000034,24.0,1.0,3.0,1.0,1.0,1.0,0.0,1.0,0.44,Safe,Safe,0.4900796983986271,0,Safe,Safe
acct_000035,56.0,2.0,3.0,2.0,2.0,0.982,30293.4,2.0,0.94,Safe,Potential Abuse,0.4578412945956802,0,Safe,Safe
acct_000036,64.0,1.0,3.0,1.0,1.0,1.0,0.0,2.0,1.11,Safe,Safe,0.4365391683013608,0,Safe,Safe
acct_000037,33.0,2.0,2.0,2.0,2.0,0.97,541.0,2.0,0.56,Safe,Potential Abuse,0.4596605090174236,0,Safe,Safe
acct_000038,96.0,11.0,4.0,9.0,9.0,0.438,198326.0,3.0,1.62,Potential Abuse,Abusive,0.5106126485021406,2,Potential Abuse,Potential Abuse
acct_000039,73.0,2.0,3.0,2.0,2.0,0.986,1834.9,2.0,1.25,Safe,Potential Abuse,0.4407360355707511,0,Safe,Safe
acct_000040,24.0,2.0,2.0,1.0,1.0,0.958,0.0,1.0,0.5,Safe,Safe,0.5171834848277753,0,Safe,Potential Abuse
acct_000041,88.0,9.0,6.0,7.0,7.0,0.489,385191.3,4.0,1.49,Potential Abuse,Potential Abuse,0.4854397310784932,2,Potential Abuse,Safe
acct_000042,68.0,10.0,4.0,6.0,9.0,0.544,508814.9,3.0,1.15,Potential Abuse,Potential Abuse,0.49458987326627457,2,Potential Abuse,Safe
acct_000043,186.0,68.0,6.0,16.0,20.0,0.129,838957.6,9.0,3.19,Abusive,Abusive,0.6001313098738084,1,Abusive,Abusive
acct_000044,65.0,6.0,4.0,5.0,5.0,0.431,44928.6,2.0,1.14,Potential Abuse,Potential Abuse,0.4894100350429497,2,Potential Abuse,Safe
acct_000045,57.0,6.0,6.0,4.0,4.0,0.351,104741.5,3.0,0.96,Potential Abuse,Potential Abuse,0.5029107132776022,2,Potential Abuse,Potential Abuse
acct_000046,56.0,1.0,1.0,1.0,1.0,1.0,0.0,2.0,0.96,Safe,Safe,0.42788635835778727,0,Safe,Safe
acct_000047,40.0,1.0,1.0,1.0,1.0,1.0,0.0,2.0,0.69,Safe,Safe,0.4295855335661419,0,Safe,Safe
acct_000048,82.0,6.0,5.0,5.0,5.0,0.537,136282.6,3.0,1.54,Potential Abuse,Potential Abuse,0.46006939251072765,2,Potential Abuse,Safe
acct_000049,72.0,3.0,3.0,2.0,2.0,0.528,2254.7,2.0,1.25,Safe,Potential Abuse,0.44425391275720805,0,Safe,Safe
acct_000050,53.0,6.0,6.0,4.0,4.0,0.491,7110.5,3.0,0.91,Potential Abuse,Potential Abuse,0.5054661923986893,2,Potential Abuse,Potential Abuse
acct_000051,49.0,2.0,2.0,1.0,1.0,0.51,0.0,2.0,0.86,Safe,Safe,0.44660367634048914,0,Safe,Safe
acct_000052,40.0,2.0,1.0,1.0,1.0,0.525,0.0,2.0,0.69,Safe,Safe,0.4598115672241959,0,Safe,Safe
acct_000053,81.0,2.0,3.0,2.0,2.0,0.988,305.5,2.0,1.43,Safe,Potential Abuse,0.4662827674566638,0,Safe,Safe
acct_000054,67.0,1.0,3.0,1.0,1.0,1.0,0.0,3.0,1.12,Safe,Potential Abuse,0.4893021666278916,0,Safe,Safe
acct_000055,32.0,3.0,1.0,3.0,3.0,0.938,2734.2,1.0,0.54,Safe,Potential Abuse,0.5609608550093346,0,Safe,Potential Abuse
acct_000056,123.0,11.0,6.0,6.0,7.0,0.431,12731.1,3.0,2.12,Potential Abuse,Potential Abuse,0.5454954789998914,2,Potential Abuse,Potential Abuse
acct_000057,65.0,3.0,3.0,2.0,2.0,0.969,49405.7,2.0,1.09,Safe,Potential Abuse,0.4804157427519793,0,Safe,Safe
acct_000058,113.0,11.0,3.0,9.0,10.0,0.513,556116.2,4.0,1.91,Potential Abuse,Abusive,0.5252057954928618,2,Potential Abuse,Potential Abuse
acct_000059,24.0,1.0,1.0,1.0,1.0,1.0,0.0,2.0,0.43,Safe,Safe,0.4642899593193601,0,Safe,Safe
acct_000060,198.0,52.0,8.0,16.0,19.0,0.197,1112232.4,6.0,3.33,Abusive,Abusive,0.614532205291289,1,Abusive,Abusive
acct_000061,73.0,2.0,3.0,2.0,2.0,0.986,1839.4,3.0,1.22,Safe,Potential Abuse,0.4693168394846619,0,Safe,Safe
acct_000062,67.0,7.0,3.0,5.0,6.0,0.552,116105.4,3.0,1.17,Potential Abuse,Potential Abuse,0.46085457261379803,2,Potential Abuse,Safe
acct_000063,73.0,1.0,3.0,1.0,1.0,1.0,0.0,3.0,1.26,Safe,Potential Abuse,0.4967231875321701,0,Safe,Safe
acct_000064,83.0,3.0,2.0,2.0,3.0,0.976,11401.6,2.0,1.4,Safe,Potential Abuse,0.4935961738645792,0,Safe,Safe
acct_000065,359.0,111.0,6.0,16.0,20.0,0.092,959220.5,9.0,6.05,Abusive,Abusive,0.6171381857098353,1,Abusive,Abusive
acct_000066,74.0,4.0,6.0,3.0,3.0,0.5,191171.2,3.0,1.25,Potential Abuse,Potential Abuse,0.5042572461321059,2,Potential Abuse,Potential Abuse
acct_000067,112.0,11.0,3.0,7.0,8.0,0.527,680235.9,3.0,1.88,Potential Abuse,Potential Abuse,0.509608924695484,2,Potential Abuse,Potential Abuse
acct_000068,40.0,2.0,3.0,1.0,1.0,0.525,0.0,2.0,0.7,Safe,Safe,0.45179901316936855,0,Safe,Safe
acct_000069,24.0,2.0,3.0,1.0,1.0,0.583,0.0,2.0,0.45,Safe,Safe,0.4803966980437356,0,Safe,Safe
acct_000070,64.0,2.0,3.0,2.0,2.0,0.984,1661.5,2.0,1.08,Safe,Potential Abuse,0.4314537772664227,0,Safe,Safe
acct_000071,82.0,3.0,2.0,3.0,3.0,0.976,23408.0,2.0,1.38,Safe,Potential Abuse,0.5007373248342267,0,Safe,Potential Abuse
acct_000072,24.0,2.0,3.0,1.0,1.0,0.708,0.0,2.0,0.44,Safe,Safe,0.4957407956052221,0,Safe,Safe
acct_000073,97.0,5.0,5.0,5.0,5.0,0.495,167148.0,3.0,1.66,Potential Abuse,Potential Abuse,0.47138526983677465,2,Potential Abuse,Safe
acct_000074,84.0,3.0,2.0,3.0,3.0,0.964,150249.4,3.0,1.43,Safe,Potential Abuse,0.5280475394235589,0,Safe,Potential Abuse
acct_000075,40.0,2.0,1.0,2.0,2.0,0.975,32.3,2.0,0.69,Safe,Potential Abuse,0.47512157694924245,0,Safe,Safe
acct_000076,41.0,2.0,3.0,1.0,1.0,0.537,0.0,2.0,0.7,Safe,Safe,0.4510032636774248,0,Safe,Safe
acct_000077,32.0,1.0,1.0,1.0,1.0,1.0,0.0,2.0,0.57,Safe,Safe,0.43933822621322616,0,Safe,Safe
acct_000078,56.0,2.0,2.0,1.0,1.0,0.589,0.0,2.0,0.98,Safe,Safe,0.4426486707131428,0,Safe,Safe
acct_000079,74.0,5.0,3.0,4.0,4.0,0.568,203030.5,2.0,1.27,Safe,Potential Abuse,0.4865703222346107,2,Potential Abuse,Safe
acct_000080,64.0,2.0,2.0,1.0,1.0,0.5,0.0,2.0,1.08,Safe,Safe,0.45399888903556845,0,Safe,Safe
acct_000081,40.0,1.0,1.0,1.0,1.0,1.0,0.0,2.0,0.72,Safe,Safe,0.4319325738287997,0,Safe,Safe
acct_000082,32.0,1.0,3.0,1.0,1.0,1.0,0.0,3.0,0.54,Safe,Potential Abuse,0.5003813309121861,0,Safe,Safe
acct_000083,40.0,2.0,1.0,1.0,1.0,0.575,0.0,1.0,0.68,Safe,Safe,0.5042736815816989,0,Safe,Potential Abuse
acct_000084,81.0,2.0,2.0,2.0,2.0,0.988,250.4,2.0,1.39,Safe,Potential Abuse,0.45801112969529195,0,Safe,Safe
acct_000085,24.0,2.0,1.0,2.0,2.0,0.958,152.0,2.0,0.44,Safe,Potential Abuse,0.5106195877083064,0,Safe,Potential Abuse
acct_000086,81.0,3.0,3.0,2.0,2.0,0.531,21588.3,2.0,1.38,Safe,Potential Abuse,0.4688581783479278,2,Potential Abuse,Safe
acct_000087,50.0,3.0,3.0,2.0,2.0,0.5,1038.0,2.0,0.86,Safe,Potential Abuse,0.44450343342127174,0,Safe,Safe
acct_000088,24.0,2.0,1.0,1.0,1.0,0.958,0.0,1.0,0.41,Safe,Safe,0.5300551067801235,0,Safe,Potential Abuse
acct_000089,70.0,5.0,6.0,5.0,5.0,0.486,381178.7,3.0,1.18,Potential Abuse,Potential Abuse,0.4734523781191839,2,Potential Abuse,Safe
acct_000090,24.0,1.0,3.0,1.0,1.0,1.0,0.0,1.0,0.41,Safe,Safe,0.49793305623420175,0,Safe,Safe
acct_000091,406.0,122.0,6.0,16.0,20.0,0.133,965670.0,10.0,6.83,Abusive,Abusive,0.6462792507928947,1,Abusive,Abusive
acct_000092,41.0,2.0,2.0,1.0,1.0,0.512,0.0,2.0,0.73,Safe,Safe,0.45006972736534284,0,Safe,Safe
acct_000093,65.0,1.0,2.0,1.0,1.0,1.0,0.0,2.0,1.13,Safe,Safe,0.42718071333978047,0,Safe,Safe
acct_000094,48.0,2.0,1.0,2.0,2.0,0.979,1956.8,2.0,0.82,Safe,Potential Abuse,0.4400315227861474,0,Safe,Safe
acct_000095,82.0,2.0,3.0,1.0,1.0,0.585,0.0,3.0,1.41,Safe,Potential Abuse,0.525509559815723,0,Safe,Potential Abuse
acct_000096,56.0,1.0,1.0,1.0,1.0,1.0,0.0,3.0,0.96,Safe,Potential Abuse,0.4957535104225026,0,Safe,Safe
acct_000097,48.0,1.0,1.0,1.0,1.0,1.0,0.0,2.0,0.83,Safe,Safe,0.4275820276425205,0,Safe,Safe
acct_000098,64.0,2.0,3.0,1.0,1.0,0.984,0.0,3.0,1.13,Safe,Potential Abuse,0.505919314921962,0,Safe,Potential Abuse
acct_000099,80.0,2.0,1.0,1.0,1.0,0.525,0.0,3.0,1.38,Safe,Potential Abuse,0.5291190243850444,0,Safe,Potential Abuse
acct_000100,65.0,1.0,3.0,1.0,1.0,1.0,0.0,3.0,1.11,Safe,Potential Abuse,0.48699023784154266,0,Safe,Safe
acct_000101,118.0,10.0,3.0,7.0,7.0,0.441,93160.5,3.0,1.98,Potential Abuse,Potential Abuse,0.5016962386659882,2,Potential Abuse,Potential Abuse
acct_000102,375.0,124.0,6.0,16.0,20.0,0.211,1112232.4,8.0,6.3,Abusive,Abusive,0.6448034399661182,1,Abusive,Abusive
acct_000103,70.0,4.0,3.0,4.0,4.0,0.571,733570.6,3.0,1.19,Potential Abuse,Potential Abuse,0.48574124943420977,2,Potential Abuse,Safe
acct_000104,65.0,2.0,2.0,2.0,2.0,0.985,635.7,2.0,1.11,Safe,Potential Abuse,0.429212063852119,0,Safe,Safe
acct_000105,211.0,71.0,11.0,16.0,20.0,0.123,1019636.0,7.0,3.58,Abusive,Abusive,0.5787450524375602,1,Abusive,Abusive
acct_000106,80.0,2.0,1.0,2.0,2.0,0.988,341.7,2.0,1.37,Safe,Potential Abuse,0.46139968567613027,0,Safe,Safe
acct_000107,277.0,92.0,14.0,16.0,20.0,0.224,842707.3,7.0,4.67,Abusive,Abusive,0.6243927365846813,1,Abusive,Abusive
acct_000108,73.0,1.0,2.0,1.0,1.0,1.0,0.0,2.0,1.25,Safe,Safe,0.4408384986349554,0,Safe,Safe
acct_000109,48.0,2.0,1.0,1.0,1.0,0.542,0.0,2.0,0.82,Safe,Safe,0.454020165964919,0,Safe,Safe
acct_000110,40.0,2.0,3.0,1.0,1.0,0.5,0.0,2.0,0.74,Safe,Safe,0.4640003922233144,0,Safe,Safe
acct_000111,80.0,1.0,1.0,1.0,1.0,1.0,0.0,2.0,1.36,Safe,Safe,0.47840000058056564,0,Safe,Safe
acct_000112,397.0,117.0,9.0,16.0,19.0,0.151,965670.0,8.0,6.72,Abusive,Abusive,0.6468751409437509,1,Abusive,Abusive
acct_000113,77.0,8.0,5.0,6.0,6.0,0.494,797944.1,4.0,1.3,Potential Abuse,Potential Abuse,0.4774422343306432,2,Potential Abuse,Safe
acct_000114,72.0,2.0,1.0,2.0,2.0,0.986,963.1,2.0,1.25,Safe,Potential Abuse,0.44246365229315526,0,Safe,Safe
acct_000115,57.0,1.0,3.0,1.0,1.0,1.0,0.0,3.0,0.96,Safe,Potential Abuse,0.48874319037424524,0,Safe,Safe
acct_000116,32.0,3.0,1.0,2.0,2.0,0.5,89.6,2.0,0.56,Safe,Potential Abuse,0.5003294310232848,0,Safe,Safe
acct_000117,81.0,3.0,2.0,2.0,2.0,0.58,600.4,3.0,1.38,Safe,Potential Abuse,0.47651961599542264,0,Safe,Safe
acct_000118,118.0,9.0,3.0,6.0,7.0,0.492,107296.7,5.0,1.99,Potential Abuse,Potential Abuse,0.5312364985782265,2,Potential Abuse,Potential Abuse
acct_000119,57.0,4.0,5.0,3.0,3.0,0.526,9272.9,4.0,1.0,Potential Abuse,Potential Abuse,0.5120882750205306,2,Potential Abuse,Potential Abuse
acct_000120,32.0,1.0,2.0,1.0,1.0,1.0,0.0,2.0,0.59,Safe,Safe,0.43074489529109583,0,Safe,Safe
acct_000121,72.0,2.0,3.0,2.0,2.0,0.986,674.0,2.0,1.22,Safe,Potential Abuse,0.4382921402757379,0,Safe,Safe
acct_000122,58.0,3.0,6.0,2.0,2.0,0.517,1925.2,3.0,1.0,Potential Abuse,Potential Abuse,0.5082820053473786,2,Potential Abuse,Potential Abuse
acct_000123,200.0,62.0,9.0,15.0,19.0,0.155,1019636.0,7.0,3.39,Abusive,Abusive,0.6034328324558,1,Abusive,Abusive
acct_000124,48.0,3.0,3.0,2.0,2.0,0.5,270.2,2.0,0.82,Safe,Potential Abuse,0.4547321086342178,0,Safe,Safe
acct_000125,64.0,2.0,3.0,1.0,1.0,0.531,0.0,2.0,1.08,Safe,Safe,0.4593109989159742,0,Safe,Safe
acct_000126,360.0,115.0,11.0,16.0,20.0,0.136,1019636.0,10.0,6.08,Abusive,Abusive,0.6047840870705614,1,Abusive,Abusive
acct_000127,72.0,1.0,1.0,1.0,1.0,1.0,0.0,3.0,1.24,Safe,Potential Abuse,0.5052954213271552,0,Safe,Potential Abuse
acct_000128,40.0,1.0,1.0,1.0,1.0,1.0,0.0,2.0,0.7,Safe,Safe,0.4304943962818194,0,Safe,Safe
acct_000129,65.0,1.0,2.0,1.0,1.0,1.0,0.0,2.0,1.11,Safe,Safe,0.4254308941165351,0,Safe,Safe
acct_000130,75.0,2.0,3.0,1.0,1.0,0.973,0.0,2.0,1.28,Safe,Safe,0.4875243610312456,0,Safe,Safe
acct_000131,80.0,1.0,3.0,1.0,1.0,1.0,0.0,2.0,1.34,Safe,Safe,0.4717044796371033,0,Safe,Safe
acct_000132,48.0,2.0,1.0,2.0,2.0,0.979,3938.8,2.0,0.83,Safe,Potential Abuse,0.44364003870659685,0,Safe,Safe
acct_000133,48.0,2.0,2.0,1.0,2.0,0.979,46.6,1.0,0.82,Safe,Safe,0.5128765396785537,0,Safe,Potential Abuse
acct_000134,194.0,72.0,7.0,14.0,18.0,0.155,1019636.0,7.0,3.34,Abusive,Abusive,0.6159792202067073,1,Abusive,Abusive
acct_000135,25.0,1.0,2.0,1.0,1.0,1.0,0.0,2.0,0.47,Safe,Safe,0.4480117821449716,0,Safe,Safe
acct_000136,203.0,76.0,12.0,15.0,19.0,0.118,839470.9,7.0,3.44,Abusive,Abusive,0.6168210682626294,1,Abusive,Abusive
acct_000137,64.0,1.0,2.0,1.0,1.0,1.0,0.0,2.0,1.12,Safe,Safe,0.4272340006122183,0,Safe,Safe
acct_000138,81.0,2.0,3.0,2.0,2.0,0.988,4625.6,3.0,1.4,Safe,Potential Abuse,0.48588792369686246,0,Safe,Safe
acct_000139,56.0,2.0,2.0,2.0,2.0,0.982,2226.6,3.0,0.98,Safe,Potential Abuse,0.4677233125244313,0,Safe,Safe
acct_000140,64.0,2.0,1.0,2.0,2.0,0.984,116.1,2.0,1.09,Safe,Potential Abuse,0.4544371926609725,0,Safe,Safe
acct_000141,121.0,19.0,6.0,12.0,13.0,0.264,311744.9,4.0,2.06,Potential Abuse,Abusive,0.584531917443917,2,Potential Abuse,Abusive
acct_000142,143.0,52.0,10.0,16.0,20.0,0.126,812122.1,6.0,2.4,Abusive,Abusive,0.6247716302010592,1,Abusive,Abusive
acct_000143,25.0,2.0,3.0,2.0,2.0,0.96,47.6,2.0,0.42,Safe,Potential Abuse,0.5164195541562252,0,Safe,Potential Abuse
acct_000144,63.0,7.0,6.0,5.0,5.0,0.429,92981.5,3.0,1.08,Potential Abuse,Potential Abuse,0.4762134116412247,2,Potential Abuse,Safe
acct_000145,48.0,1.0,2.0,1.0,1.0,1.0,0.0,2.0,0.81,Safe,Safe,0.41942080355614614,0,Safe,Safe
acct_000146,81.0,4.0,2.0,4.0,4.0,0.963,10606.8,2.0,1.41,Safe,Potential Abuse,0.5274710007582314,0,Safe,Potential Abuse
acct_000147,41.0,1.0,3.0,1.0,1.0,1.0,0.0,2.0,0.71,Safe,Safe,0.43211671099759147,0,Safe,Safe
acct_000148,130.0,16.0,3.0,11.0,12.0,0.392,614415.0,4.0,2.17,Potential Abuse,Abusive,0.5749158419178464,2,Potential Abuse,Abusive
acct_000149,40.0,2.0,2.0,2.0,2.0,0.975,163.0,3.0,0.77,Safe,Potential Abuse,0.4918479837524284,0,Safe,Safe
acct_000150,33.0,2.0,2.0,1.0,1.0,0.545,0.0,2.0,0.57,Safe,Safe,0.4526347128576457,0,Safe,Safe
acct_000151,80.0,2.0,2.0,1.0,1.0,0.55,0.0,2.0,1.35,Safe,Safe,0.4741628102688512,0,Safe,Safe
acct_000152,250.0,78.0,15.0,16.0,20.0,0.136,826440.6,7.0,4.27,Abusive,Abusive,0.6151557159871651,1,Abusive,Abusive
acct_000153,24.0,1.0,3.0,1.0,1.0,1.0,0.0,2.0,0.54,Safe,Safe,0.4484411092133374,0,Safe,Safe
acct_000154,48.0,3.0,2.0,2.0,2.0,0.583,224.1,2.0,0.82,Safe,Potential Abuse,0.4486400121497985,0,Safe,Safe
acct_000155,96.0,3.0,3.0,3.0,3.0,0.667,51600.9,4.0,1.66,Potential Abuse,Potential Abuse,0.5343951492173254,2,Potential Abuse,Potential Abuse
acct_000156,96.0,8.0,6.0,6.0,7.0,0.448,271879.6,3.0,1.65,Potential Abuse,Potential Abuse,0.47914771959042923,2,Potential Abuse,Safe
acct_000157,64.0,2.0,1.0,2.0,2.0,0.984,1415.3,2.0,1.08,Safe,Potential Abuse,0.4372347141813502,0,Safe,Safe
acct_000158,64.0,1.0,3.0,1.0,1.0,1.0,0.0,2.0,1.08,Safe,Safe,0.4364707907747463,0,Safe,Safe
acct_000159,32.0,1.0,1.0,1.0,1.0,1.0,0.0,1.0,0.54,Safe,Safe,0.48828953225400673,0,Safe,Safe
acct_000160,83.0,3.0,2.0,2.0,2.0,0.518,616.7,3.0,1.39,Safe,Potential Abuse,0.47881122109349555,0,Safe,Safe
acct_000161,24.0,2.0,3.0,1.0,1.0,0.542,0.0,2.0,0.42,Safe,Safe,0.4844304205490506,0,Safe,Safe
acct_000162,73.0,2.0,2.0,2.0,2.0,0.986,355.4,2.0,1.25,Safe,Potential Abuse,0.4394372926957498,0,Safe,Safe
acct_000163,24.0,1.0,1.0,1.0,1.0,1.0,0.0,2.0,0.45,Safe,Safe,0.46364432512712644,0,Safe,Safe
acct_000164,24.0,2.0,2.0,1.0,1.0,0.542,0.0,2.0,0.49,Safe,Safe,0.46977090566953844,0,Safe,Safe
acct_000165,49.0,6.0,4.0,4.0,4.0,0.612,265269.8,3.0,0.86,Potential Abuse,Potential Abuse,0.48645711486366416,2,Potential Abuse,Safe
acct_000166,66.0,2.0,2.0,1.0,1.0,0.53,0.0,2.0,1.15,Safe,Safe,0.4499070390259846,0,Safe,Safe
acct_000167,81.0,1.0,2.0,1.0,1.0,1.0,0.0,2.0,1.38,Safe,Safe,0.4706882993934957,0,Safe,Safe
acct_000168,80.0,4.0,1.0,2.0,2.0,0.588,966.1,2.0,1.35,Safe,Potential Abuse,0.48338420433471657,0,Safe,Safe
acct_000169,96.0,7.0,3.0,6.0,6.0,0.469,59114.3,3.0,1.66,Potential Abuse,Potential Abuse,0.481349700622455,2,Potential Abuse,Safe
acct_000170,125.0,8.0,3.0,7.0,7.0,0.472,778370.9,3.0,2.12,Potential Abuse,Potential Abuse,0.5097863580061668,2,Potential Abuse,Potential Abuse
acct_000171,128.0,8.0,4.0,6.0,7.0,0.531,965670.0,3.0,2.2,Potential Abuse,Potential Abuse,0.5133829037984005,2,Potential Abuse,Potential Abuse
acct_000172,68.0,6.0,5.0,4.0,5.0,0.485,67408.0,3.0,1.19,Potential Abuse,Potential Abuse,0.4608838610529929,2,Potential Abuse,Safe
acct_000173,72.0,3.0,1.0,2.0,2.0,0.5,72663.7,2.0,1.23,Safe,Potential Abuse,0.4852559426416043,0,Safe,Safe
acct_000174,54.0,3.0,4.0,3.0,3.0,0.593,3306.0,3.0,0.95,Potential Abuse,Potential Abuse,0.4886422234218114,2,Potential Abuse,Safe
acct_000175,24.0,1.0,2.0,1.0,1.0,1.0,0.0,1.0,0.42,Safe,Safe,0.48709284973650036,0,Safe,Safe
acct_000176,40.0,1.0,3.0,1.0,1.0,1.0,0.0,2.0,0.69,Safe,Safe,0.43041377506421413,0,Safe,Safe
acct_000177,63.0,5.0,4.0,5.0,5.0,0.54,115284.3,3.0,1.08,Potential Abuse,Potential Abuse,0.4606995952219789,2,Potential Abuse,Safe
acct_000178,255.0,85.0,6.0,16.0,20.0,0.153,871458.7,11.0,4.29,Abusive,Abusive,0.6021827863018172,1,Abusive,Abusive
acct_000179,64.0,1.0,1.0,1.0,1.0,1.0,0.0,2.0,1.08,Safe,Safe,0.431928120421016,0,Safe,Safe
acct_000180,40.0,1.0,3.0,1.0,1.0,1.0,0.0,2.0,0.71,Safe,Safe,0.43073616985592894,0,Safe,Safe
acct_000181,56.0,3.0,1.0,2.0,2.0,0.589,1263.3,2.0,0.94,Safe,Potential Abuse,0.4514753932393818,0,Safe,Safe
acct_000182,32.0,2.0,3.0,1.0,1.0,0.5,0.0,1.0,0.54,Safe,Safe,0.5122571174517193,0,Safe,Potential Abuse
acct_000183,65.0,9.0,5.0,4.0,8.0,0.446,188070.2,3.0,1.15,Potential Abuse,Potential Abuse,0.4889311519171165,2,Potential Abuse,Safe
acct_000184,72.0,1.0,1.0,1.0,1.0,1.0,0.0,2.0,1.23,Safe,Safe,0.45248754765415466,0,Safe,Safe
acct_000185,40.0,1.0,1.0,1.0,1.0,1.0,0.0,2.0,0.69,Safe,Safe,0.4295855335661419,0,Safe,Safe
acct_000186,32.0,2.0,1.0,2.0,2.0,0.969,662.6,2.0,0.54,Safe,Potential Abuse,0.4759259539326856,0,Safe,Safe
acct_000187,42.0,1.0,3.0,1.0,1.0,1.0,0.0,2.0,0.74,Safe,Safe,0.4359958167318528,0,Safe,Safe
acct_000188,82.0,7.0,6.0,6.0,6.0,0.476,551775.2,3.0,1.4,Potential Abuse,Potential Abuse,0.4734198756703753,2,Potential Abuse,Safe
acct_000189,33.0,3.0,2.0,3.0,3.0,0.939,278.4,2.0,0.57,Safe,Potential Abuse,0.5150951397929938,0,Safe,Potential Abuse
acct_000190,72.0,3.0,3.0,3.0,3.0,0.972,714.0,2.0,1.21,Safe,Potential Abuse,0.4821935859482441,0,Safe,Safe
acct_000191,56.0,1.0,1.0,1.0,1.0,1.0,0.0,2.0,0.95,Safe,Safe,0.4280879097138274,0,Safe,Safe
acct_000192,24.0,1.0,2.0,1.0,1.0,1.0,0.0,2.0,0.47,Safe,Safe,0.44666958266127466,0,Safe,Safe
acct_000193,48.0,2.0,2.0,1.0,1.0,0.562,0.0,2.0,0.83,Safe,Safe,0.4398535626957986,0,Safe,Safe
acct_000194,80.0,3.0,2.0,2.0,2.0,0.562,5208.1,2.0,1.38,Safe,Potential Abuse,0.45796342537847584,0,Safe,Safe
acct_000195,64.0,4.0,1.0,4.0,4.0,0.953,4325.0,2.0,1.11,Safe,Potential Abuse,0.5351986794280692,0,Safe,Potential Abuse
acct_000196,49.0,2.0,3.0,2.0,2.0,0.98,6305.9,3.0,0.84,Safe,Potential Abuse,0.4828210256778468,0,Safe,Safe
acct_000197,222.0,77.0,8.0,16.0,20.0,0.153,1000465.4,7.0,3.77,Abusive,Abusive,0.5655508289841809,1,Abusive,Potential Abuse
acct_000198,34.0,1.0,3.0,1.0,1.0,1.0,0.0,2.0,0.58,Safe,Safe,0.43377690349976156,0,Safe,Safe
acct_000199,81.0,6.0,3.0,4.0,5.0,0.519,85033.8,3.0,1.37,Safe,Potential Abuse,0.4551961669951761,2,Potential Abuse,Safe
acct_000200,40.0,2.0,1.0,1.0,1.0,0.55,0.0,1.0,0.68,Safe,Safe,0.5042861257781123,0,Safe,Potential Abuse
acct_000201,32.0,2.0,3.0,1.0,2.0,0.969,252.0,2.0,0.56,Safe,Safe,0.4877313997483074,0,Safe,Safe
acct_000202,49.0,1.0,2.0,1.0,1.0,1.0,0.0,2.0,0.85,Safe,Safe,0.41992812475113683,0,Safe,Safe
acct_000203,82.0,8.0,3.0,7.0,7.0,0.476,353693.1,3.0,1.39,Potential Abuse,Potential Abuse,0.47095886039373314,2,Potential Abuse,Safe
acct_000204,80.0,1.0,2.0,1.0,1.0,1.0,0.0,2.0,1.34,Safe,Safe,0.4602420617341007,0,Safe,Safe
acct_000205,64.0,7.0,3.0,6.0,6.0,0.5,62885.5,3.0,1.09,Potential Abuse,Potential Abuse,0.47153802303436304,2,Potential Abuse,Safe
acct_000206,24.0,1.0,1.0,1.0,1.0,1.0,0.0,2.0,0.43,Safe,Safe,0.4642899593193601,0,Safe,Safe
acct_000207,61.0,6.0,6.0,4.0,5.0,0.492,121036.9,3.0,1.03,Potential Abuse,Potential Abuse,0.47575471491091303,2,Potential Abuse,Safe
acct_000208,24.0,2.0,1.0,1.0,1.0,0.542,0.0,1.0,0.42,Safe,Safe,0.5246541074410191,0,Safe,Potential Abuse
acct_000209,80.0,2.0,1.0,2.0,2.0,0.988,540.0,2.0,1.37,Safe,Potential Abuse,0.45722234912407544,0,Safe,Safe
acct_000210,24.0,2.0,1.0,1.0,2.0,0.958,628.4,1.0,0.43,Safe,Safe,0.5523775123227022,0,Safe,Potential Abuse
acct_000211,48.0,2.0,2.0,2.0,2.0,0.979,1872.8,2.0,0.83,Safe,Potential Abuse,0.43120004002025886,0,Safe,Safe
acct_000212,80.0,2.0,1.0,2.0,2.0,0.988,9591.1,2.0,1.38,Safe,Potential Abuse,0.4731257802893597,0,Safe,Safe
acct_000213,112.0,8.0,3.0,6.0,6.0,0.518,100158.0,4.0,1.93,Potential Abuse,Potential Abuse,0.49867265569306835,2,Potential Abuse,Safe
acct_000214,56.0,2.0,3.0,1.0,1.0,0.536,0.0,2.0,0.97,Safe,Safe,0.4578666218397449,0,Safe,Safe
acct_000215,32.0,1.0,3.0,1.0,1.0,1.0,0.0,1.0,0.54,Safe,Safe,0.4842338517363249,0,Safe,Safe
acct_000216,32.0,2.0,3.0,1.0,1.0,0.531,0.0,2.0,0.54,Safe,Safe,0.46405414602825656,0,Safe,Safe
acct_000217,72.0,1.0,1.0,1.0,1.0,1.0,0.0,2.0,1.2,Safe,Safe,0.45071311106121414,0,Safe,Safe
acct_000218,64.0,1.0,1.0,1.0,1.0,1.0,0.0,2.0,1.1,Safe,Safe,0.43216001680720706,0,Safe,Safe
acct_000219,48.0,2.0,3.0,2.0,2.0,0.979,2180.9,2.0,0.83,Safe,Potential Abuse,0.4369648772176466,0,Safe,Safe
acct_000220,98.0,13.0,5.0,8.0,9.0,0.52,319775.1,5.0,1.65,Potential Abuse,Abusive,0.5377495316510293,2,Potential Abuse,Potential Abuse
acct_000221,34.0,1.0,3.0,1.0,1.0,1.0,0.0,2.0,0.59,Safe,Safe,0.43393052665221976,0,Safe,Safe
acct_000222,64.0,2.0,2.0,2.0,2.0,0.984,252.2,2.0,1.11,Safe,Potential Abuse,0.43617619984831296,0,Safe,Safe
acct_000223,48.0,3.0,2.0,2.0,2.0,0.562,440.3,2.0,0.86,Safe,Potential Abuse,0.4389194618625853,0,Safe,Safe
acct_000224,53.0,6.0,5.0,4.0,4.0,0.528,7546.8,2.0,0.9,Potential Abuse,Potential Abuse,0.5077154223054212,2,Potential Abuse,Potential Abuse
acct_000225,375.0,110.0,9.0,16.0,20.0,0.192,965670.0,7.0,6.27,Abusive,Abusive,0.6166176210963155,1,Abusive,Abusive
acct_000226,64.0,2.0,3.0,2.0,2.0,0.984,307.7,2.0,1.15,Safe,Potential Abuse,0.43614481453489246,0,Safe,Safe
acct_000227,52.0,4.0,6.0,4.0,4.0,0.577,1662.4,3.0,0.94,Potential Abuse,Potential Abuse,0.5201618991822243,2,Potential Abuse,Potential Abuse
acct_000228,64.0,3.0,5.0,3.0,3.0,0.547,334213.3,3.0,1.12,Potential Abuse,Potential Abuse,0.4947811840855303,2,Potential Abuse,Safe
acct_000229,57.0,2.0,3.0,2.0,2.0,0.982,32404.4,2.0,1.0,Safe,Potential Abuse,0.45866824694466324,0,Safe,Safe
acct_000230,32.0,2.0,2.0,1.0,1.0,0.969,0.0,1.0,0.56,Safe,Safe,0.5017429846146159,0,Safe,Potential Abuse
acct_000231,41.0,1.0,3.0,1.0,1.0,1.0,0.0,2.0,0.73,Safe,Safe,0.4348918177421582,0,Safe,Safe
acct_000232,32.0,1.0,1.0,1.0,1.0,1.0,0.0,1.0,0.59,Safe,Safe,0.4881688922842668,0,Safe,Safe
acct_000233,74.0,2.0,2.0,1.0,1.0,0.608,0.0,2.0,1.25,Safe,Safe,0.4652401903709022,0,Safe,Safe
acct_000234,54.0,7.0,5.0,4.0,4.0,0.296,15086.4,3.0,0.94,Potential Abuse,Potential Abuse,0.5215284084046198,2,Potential Abuse,Potential Abuse
acct_000235,104.0,15.0,6.0,8.0,9.0,0.26,339354.8,3.0,1.8,Potential Abuse,Abusive,0.5518009630286456,2,Potential Abuse,Potential Abuse
acct_000236,24.0,1.0,1.0,1.0,1.0,1.0,0.0,1.0,0.42,Safe,Safe,0.4970022351859962,0,Safe,Safe
acct_000237,47.0,5.0,3.0,3.0,3.0,0.404,431501.8,3.0,0.83,Potential Abuse,Potential Abuse,0.5035566999703551,2,Potential Abuse,Potential Abuse
acct_000238,108.0,10.0,5.0,5.0,6.0,0.407,839470.9,3.0,1.81,Potential Abuse,Potential Abuse,0.5017408341829513,2,Potential Abuse,Potential Abuse
acct_000239,42.0,1.0,2.0,1.0,1.0,1.0,0.0,2.0,0.75,Safe,Safe,0.4226855703618809,0,Safe,Safe
acct_000240,41.0,3.0,3.0,3.0,3.0,0.951,5168.6,2.0,0.69,Safe,Potential Abuse,0.4970494555549057,0,Safe,Safe
acct_000241,32.0,2.0,1.0,1.0,1.0,0.656,0.0,2.0,0.6,Safe,Safe,0.47936653194349943,0,Safe,Safe
acct_000242,57.0,2.0,3.0,1.0,1.0,0.509,0.0,2.0,1.0,Safe,Safe,0.46315583254127485,0,Safe,Safe
acct_000243,68.0,2.0,3.0,2.0,2.0,0.985,347.2,2.0,1.16,Safe,Potential Abuse,0.4370992139245158,0,Safe,Safe
acct_000244,83.0,1.0,3.0,1.0,1.0,1.0,0.0,3.0,1.43,Safe,Potential Abuse,0.5358281096303625,0,Safe,Potential Abuse
acct_000245,73.0,1.0,2.0,1.0,1.0,1.0,0.0,2.0,1.24,Safe,Safe,0.4402104655380014,0,Safe,Safe
acct_000246,56.0,1.0,1.0,1.0,1.0,1.0,0.0,2.0,0.98,Safe,Safe,0.4275132220426005,0,Safe,Safe
acct_000247,33.0,3.0,2.0,2.0,2.0,0.939,2067.6,2.0,0.59,Safe,Potential Abuse,0.4801003052499009,0,Safe,Safe
acct_000248,75.0,8.0,3.0,5.0,6.0,0.48,131717.9,3.0,1.4,Potential Abuse,Potential Abuse,0.46000565221350254,2,Potential Abuse,Safe
acct_000249,64.0,1.0,1.0,1.0,1.0,1.0,0.0,2.0,1.12,Safe,Safe,0.4358377464293866,0,Safe,Safe
acct_000250,96.0,9.0,6.0,5.0,6.0,0.396,313276.2,3.0,1.62,Potential Abuse,Potential Abuse,0.48817582839927176,2,Potential Abuse,Safe
acct_000251,57.0,1.0,2.0,1.0,1.0,1.0,0.0,2.0,0.99,Safe,Safe,0.41671036312851095,0,Safe,Safe
acct_000252,24.0,2.0,3.0,1.0,1.0,0.667,0.0,2.0,0.44,Safe,Safe,0.49245407772627753,0,Safe,Safe
acct_000253,82.0,6.0,3.0,5.0,5.0,0.939,40063.2,2.0,1.44,Safe,Potential Abuse,0.5305730605637555,2,Potential Abuse,Potential Abuse
acct_000254,56.0,2.0,1.0,1.0,1.0,0.536,0.0,2.0,0.95,Safe,Safe,0.45966043856111743,0,Safe,Safe
acct_000255,32.0,1.0,1.0,1.0,1.0,1.0,0.0,2.0,0.55,Safe,Safe,0.4424089663808889,0,Safe,Safe
acct_000256,40.0,3.0,1.0,3.0,3.0,0.95,476.4,1.0,0.68,Safe,Potential Abuse,0.5499161577295116,0,Safe,Potential Abuse
acct_000257,60.0,2.0,2.0,1.0,1.0,0.55,0.0,2.0,1.03,Safe,Safe,0.44389437688708966,0,Safe,Safe
acct_000258,102.0,10.0,6.0,7.0,8.0,0.422,931411.7,4.0,1.77,Potential Abuse,Potential Abuse,0.5108142146143854,2,Potential Abuse,Potential Abuse
acct_000259,56.0,1.0,1.0,1.0,1.0,1.0,0.0,3.0,1.0,Safe,Potential Abuse,0.49612059036811534,0,Safe,Safe
acct_000260,73.0,2.0,2.0,1.0,1.0,0.986,0.0,2.0,1.25,Safe,Safe,0.47154978302340483,0,Safe,Safe
acct_000261,58.0,1.0,3.0,1.0,1.0,1.0,0.0,2.0,1.06,Safe,Safe,0.4378937433989995,0,Safe,Safe
acct_000262,103.0,5.0,5.0,3.0,3.0,0.524,704490.2,6.0,1.75,Potential Abuse,Abusive,0.5660453548942519,2,Potential Abuse,Potential Abuse
acct_000263,100.0,11.0,4.0,5.0,5.0,0.45,535723.8,4.0,1.8,Potential Abuse,Potential Abuse,0.4982597205656193,2,Potential Abuse,Safe
acct_000264,73.0,2.0,2.0,1.0,1.0,0.548,0.0,2.0,1.24,Safe,Safe,0.4579154756430366,0,Safe,Safe
acct_000265,291.0,90.0,6.0,15.0,19.0,0.237,931411.7,10.0,4.88,Abusive,Abusive,0.6474638088282496,1,Abusive,Abusive
acct_000266,66.0,9.0,5.0,8.0,8.0,0.47,291699.4,4.0,1.14,Potential Abuse,Abusive,0.498716663988602,2,Potential Abuse,Safe
acct_000267,82.0,3.0,3.0,2.0,2.0,0.573,2306.8,3.0,1.41,Safe,Potential Abuse,0.47378434443030737,0,Safe,Safe
acct_000268,345.0,123.0,7.0,16.0,20.0,0.096,996402.1,12.0,5.77,Abusive,Abusive,0.6387991998146428,1,Abusive,Abusive
acct_000269,66.0,3.0,3.0,1.0,1.0,0.545,0.0,2.0,1.1,Safe,Potential Abuse,0.49244926661486543,0,Safe,Safe
acct_000270,56.0,1.0,2.0,1.0,1.0,1.0,0.0,2.0,0.95,Safe,Safe,0.4160271382051602,0,Safe,Safe
acct_000271,49.0,7.0,6.0,4.0,4.0,0.429,49400.1,3.0,0.91,Potential Abuse,Potential Abuse,0.5026589948306539,2,Potential Abuse,Potential Abuse
acct_000272,48.0,1.0,2.0,1.0,1.0,1.0,0.0,2.0,0.83,Safe,Safe,0.41751176097014175,0,Safe,Safe
acct_000273,32.0,1.0,2.0,1.0,1.0,1.0,0.0,2.0,0.57,Safe,Safe,0.43005896258875864,0,Safe,Safe
acct_000274,86.0,11.0,3.0,7.0,7.0,0.523,600997.5,3.0,1.47,Potential Abuse,Potential Abuse,0.4881318548126901,2,Potential Abuse,Safe
acct_000275,32.0,1.0,1.0,1.0,1.0,1.0,0.0,2.0,0.54,Safe,Safe,0.44326196147714203,0,Safe,Safe
acct_000276,70.0,11.0,6.0,7.0,7.0,0.443,931411.7,4.0,1.23,Potential Abuse,Potential Abuse,0.513051178810611,2,Potential Abuse,Potential Abuse
acct_000277,49.0,2.0,3.0,2.0,2.0,0.98,672.8,2.0,0.91,Safe,Potential Abuse,0.4297750398958909,0,Safe,Safe
acct_000278,269.0,91.0,12.0,16.0,20.0,0.156,1112232.4,11.0,4.61,Abusive,Abusive,0.6061700018879973,1,Abusive,Abusive
acct_000279,236.0,83.0,15.0,16.0,20.0,0.233,1112232.4,8.0,3.95,Abusive,Abusive,0.626497134474529,1,Abusive,Abusive
acct_000280,73.0,6.0,3.0,4.0,4.0,0.288,103281.6,3.0,1.23,Potential Abuse,Potential Abuse,0.49553087766659903,2,Potential Abuse,Safe
acct_000281,41.0,5.0,6.0,3.0,3.0,0.268,17585.1,3.0,0.72,Potential Abuse,Potential Abuse,0.5594024429795987,2,Potential Abuse,Potential Abuse
acct_000282,81.0,8.0,5.0,5.0,5.0,0.444,13898.1,4.0,1.41,Potential Abuse,Potential Abuse,0.49378359945198025,2,Potential Abuse,Safe
acct_000283,63.0,6.0,4.0,4.0,4.0,0.302,272093.1,3.0,1.06,Potential Abuse,Potential Abuse,0.4947660409842355,2,Potential Abuse,Safe
acct_000284,58.0,6.0,5.0,3.0,4.0,0.517,744502.0,3.0,1.03,Potential Abuse,Potential Abuse,0.491333855348981,2,Potential Abuse,Safe
acct_000285,57.0,3.0,2.0,2.0,2.0,0.579,2264.7,2.0,1.03,Safe,Potential Abuse,0.4395836736732089,0,Safe,Safe
acct_000286,56.0,2.0,3.0,2.0,2.0,0.982,45.2,2.0,0.94,Safe,Potential Abuse,0.455295759350568,0,Safe,Safe
acct_000287,24.0,1.0,1.0,1.0,1.0,1.0,0.0,1.0,0.42,Safe,Safe,0.4970022351859962,0,Safe,Safe
acct_000288,80.0,2.0,1.0,2.0,2.0,0.988,17628.9,3.0,1.35,Safe,Potential Abuse,0.5009721343039611,0,Safe,Potential Abuse
acct_000289,24.0,1.0,3.0,1.0,1.0,1.0,0.0,1.0,0.49,Safe,Safe,0.49484042336248424,0,Safe,Safe
acct_000290,48.0,8.0,4.0,5.0,5.0,0.438,82722.4,3.0,0.81,Potential Abuse,Potential Abuse,0.48093304013146254,2,Potential Abuse,Safe
acct_000291,48.0,3.0,3.0,2.0,2.0,0.542,4772.7,2.0,0.82,Safe,Potential Abuse,0.4463219125532021,0,Safe,Safe
acct_000292,41.0,2.0,3.0,2.0,2.0,0.976,1371.3,3.0,0.73,Safe,Potential Abuse,0.48822881618110514,0,Safe,Safe
acct_000293,80.0,1.0,1.0,1.0,1.0,1.0,0.0,2.0,1.39,Safe,Safe,0.48365323835277513,0,Safe,Safe
acct_000294,216.0,63.0,15.0,16.0,20.0,0.199,568601.4,6.0,3.65,Abusive,Abusive,0.6456628070321984,1,Abusive,Abusive
acct_000295,32.0,1.0,1.0,1.0,1.0,1.0,0.0,2.0,0.55,Safe,Safe,0.4424089663808889,0,Safe,Safe
acct_000296,73.0,3.0,2.0,2.0,3.0,0.973,1692.9,2.0,1.24,Safe,Potential Abuse,0.4694814112459234,0,Safe,Safe
acct_000297,32.0,2.0,2.0,2.0,2.0,0.969,111.0,1.0,0.56,Safe,Potential Abuse,0.5129688512990952,0,Safe,Potential Abuse
acct_000298,76.0,3.0,3.0,2.0,2.0,0.566,101.5,2.0,1.29,Safe,Potential Abuse,0.46966879517818433,0,Safe,Safe
acct_000299,24.0,1.0,3.0,1.0,1.0,1.0,0.0,1.0,0.42,Safe,Safe,0.4942475518232648,0,Safe,Safe
acct_000300,24.0,4.0,3.0,3.0,3.0,0.5,397.9,2.0,0.41,Safe,Potential Abuse,0.5287542693415428,0,Safe,Potential Abuse
acct_000301,115.0,12.0,5.0,7.0,9.0,0.452,74129.0,3.0,1.96,Potential Abuse,Potential Abuse,0.5091017553960246,2,Potential Abuse,Potential Abuse
acct_000302,56.0,3.0,1.0,2.0,2.0,0.536,1994.7,2.0,0.99,Safe,Potential Abuse,0.44551837712379827,0,Safe,Safe
acct_000303,33.0,2.0,3.0,2.0,2.0,0.97,131.3,2.0,0.56,Safe,Potential Abuse,0.47219105014247664,0,Safe,Safe
acct_000304,73.0,2.0,3.0,2.0,2.0,0.986,927.4,2.0,1.25,Safe,Potential Abuse,0.43931661597983596,0,Safe,Safe
acct_000305,73.0,2.0,2.0,1.0,1.0,0.521,0.0,3.0,1.24,Safe,Potential Abuse,0.5002979597594253,0,Safe,Safe
acct_000306,66.0,8.0,3.0,6.0,6.0,0.47,210551.0,3.0,1.14,Potential Abuse,Potential Abuse,0.4646781014360818,2,Potential Abuse,Safe
acct_000307,122.0,14.0,3.0,10.0,11.0,0.434,189187.5,4.0,2.05,Potential Abuse,Abusive,0.555903369740832,2,Potential Abuse,Potential Abuse
acct_000308,24.0,4.0,1.0,4.0,4.0,0.875,1271.6,1.0,0.45,Safe,Potential Abuse,0.6025906173634508,0,Safe,Abusive
acct_000309,128.0,13.0,3.0,9.0,9.0,0.516,175112.0,3.0,2.18,Potential Abuse,Abusive,0.5460242019331563,2,Potential Abuse,Potential Abuse
acct_000310,201.0,70.0,9.0,15.0,19.0,0.184,1061079.3,8.0,3.58,Abusive,Abusive,0.6073117762480266,1,Abusive,Abusive
acct_000311,24.0,2.0,3.0,1.0,1.0,0.542,0.0,1.0,0.43,Safe,Safe,0.51886680479471,0,Safe,Potential Abuse
acct_000312,73.0,1.0,3.0,1.0,1.0,1.0,0.0,2.0,1.24,Safe,Safe,0.45241452208961164,0,Safe,Safe
acct_000313,46.0,8.0,4.0,7.0,7.0,0.413,808120.7,5.0,0.81,Potential Abuse,Potential Abuse,0.550324903881398,2,Potential Abuse,Potential Abuse
acct_000314,56.0,1.0,1.0,1.0,1.0,1.0,0.0,2.0,0.98,Safe,Safe,0.4275132220426005,0,Safe,Safe
acct_000315,72.0,3.0,1.0,2.0,2.0,0.597,1831.6,2.0,1.22,Safe,Potential Abuse,0.45257494501418244,0,Safe,Safe
acct_000316,131.0,12.0,6.0,6.0,6.0,0.588,306968.0,4.0,2.2,Potential Abuse,Potential Abuse,0.544796927764785,2,Potential Abuse,Potential Abuse
acct_000317,32.0,2.0,1.0,1.0,1.0,0.531,0.0,1.0,0.55,Safe,Safe,0.5082828666514081,0,Safe,Potential Abuse
acct_000318,100.0,10.0,4.0,7.0,7.0,0.46,360045.5,4.0,1.7,Potential Abuse,Potential Abuse,0.4791971505543746,2,Potential Abuse,Safe
acct_000319,73.0,2.0,2.0,1.0,1.0,0.521,0.0,2.0,1.25,Safe,Safe,0.4608460947254329,0,Safe,Safe
acct_000320,113.0,12.0,4.0,11.0,11.0,0.469,664255.5,4.0,1.93,Potential Abuse,Abusive,0.5396575434076386,2,Potential Abuse,Potential Abuse
acct_000321,64.0,3.0,2.0,3.0,3.0,0.969,2183.9,2.0,1.09,Safe,Potential Abuse,0.47530550162558216,0,Safe,Safe
acct_000322,110.0,10.0,5.0,8.0,8.0,0.464,668591.8,3.0,1.87,Potential Abuse,Abusive,0.4939144975061936,2,Potential Abuse,Safe
acct_000323,56.0,2.0,1.0,2.0,2.0,0.982,529.0,2.0,0.94,Safe,Potential Abuse,0.4373057704663711,0,Safe,Safe
acct_000324,86.0,6.0,4.0,5.0,6.0,0.512,720699.0,5.0,1.45,Potential Abuse,Potential Abuse,0.5070084660175475,2,Potential Abuse,Potential Abuse
acct_000325,48.0,3.0,1.0,2.0,2.0,0.625,234.0,2.0,0.84,Safe,Potential Abuse,0.4650584326674074,0,Safe,Safe
acct_000326,32.0,3.0,3.0,1.0,1.0,0.719,0.0,2.0,0.56,Safe,Potential Abuse,0.511867872969992,0,Safe,Potential Abuse
acct_000327,32.0,1.0,3.0,1.0,1.0,1.0,0.0,2.0,0.57,Safe,Safe,0.4336745428536232,0,Safe,Safe
acct_000328,64.0,2.0,3.0,2.0,2.0,0.984,990.5,2.0,1.09,Safe,Potential Abuse,0.4313481203651817,0,Safe,Safe
acct_000329,67.0,2.0,2.0,1.0,1.0,0.597,0.0,3.0,1.2,Safe,Potential Abuse,0.497942201509479,0,Safe,Safe
acct_000330,43.0,4.0,5.0,3.0,3.0,0.488,79794.4,3.0,0.75,Potential Abuse,Potential Abuse,0.501798033954778,2,Potential Abuse,Potential Abuse
acct_000331,357.0,100.0,12.0,15.0,19.0,0.118,900033.2,9.0,6.05,Abusive,Abusive,0.6536556029988813,1,Abusive,Abusive
acct_000332,50.0,1.0,3.0,1.0,1.0,1.0,0.0,3.0,0.88,Safe,Potential Abuse,0.49649346921253457,0,Safe,Safe
acct_000333,24.0,1.0,3.0,1.0,1.0,1.0,0.0,2.0,0.43,Safe,Safe,0.45659527870720695,0,Safe,Safe
acct_000334,51.0,6.0,3.0,4.0,4.0,0.333,1552.8,3.0,0.88,Potential Abuse,Potential Abuse,0.5237860144753228,2,Potential Abuse,Potential Abuse
acct_000335,56.0,5.0,3.0,3.0,3.0,0.536,22818.5,4.0,0.98,Potential Abuse,Potential Abuse,0.4997526450701962,2,Potential Abuse,Safe
acct_000336,401.0,108.0,12.0,16.0,20.0,0.155,1061079.3,12.0,6.73,Abusive,Abusive,0.6668832036259901,1,Abusive,Abusive
acct_000337,122.0,8.0,4.0,7.0,7.0,0.402,479354.7,6.0,2.04,Potential Abuse,Abusive,0.5455070090161057,2,Potential Abuse,Potential Abuse
acct_000338,40.0,2.0,1.0,1.0,1.0,0.625,0.0,2.0,0.68,Safe,Safe,0.4647647453385563,0,Safe,Safe
acct_000339,64.0,2.0,2.0,2.0,2.0,0.984,3171.9,2.0,1.08,Safe,Potential Abuse,0.43215424122502444,0,Safe,Safe
acct_000340,94.0,10.0,5.0,7.0,8.0,0.489,82842.1,3.0,1.62,Potential Abuse,Potential Abuse,0.4806026149834454,2,Potential Abuse,Safe
acct_000341,80.0,1.0,1.0,1.0,1.0,1.0,0.0,2.0,1.34,Safe,Safe,0.4758704684696306,0,Safe,Safe
acct_000342,301.0,98.0,14.0,16.0,20.0,0.196,1017629.8,12.0,5.06,Abusive,Abusive,0.6397936499527789,1,Abusive,Abusive
acct_000343,40.0,3.0,3.0,2.0,2.0,0.575,1856.5,2.0,0.67,Safe,Potential Abuse,0.4547953879032711,0,Safe,Safe
acct_000344,80.0,3.0,3.0,2.0,2.0,0.55,345.1,2.0,1.38,Safe,Potential Abuse,0.4604493665590979,0,Safe,Safe
acct_000345,48.0,2.0,2.0,2.0,2.0,0.979,356.7,2.0,0.81,Safe,Potential Abuse,0.429633136493342,0,Safe,Safe
acct_000346,106.0,10.0,6.0,8.0,8.0,0.5,146714.1,3.0,1.79,Potential Abuse,Abusive,0.5101404544971544,2,Potential Abuse,Potential Abuse
acct_000347,49.0,2.0,2.0,1.0,1.0,0.551,0.0,2.0,0.84,Safe,Safe,0.440170310654092,0,Safe,Safe
acct_000348,25.0,1.0,3.0,1.0,1.0,1.0,0.0,2.0,0.44,Safe,Safe,0.45862356171191415,0,Safe,Safe
acct_000349,48.0,3.0,2.0,2.0,2.0,0.542,2123.4,2.0,0.83,Safe,Potential Abuse,0.43767605126261716,0,Safe,Safe
acct_000350,80.0,2.0,1.0,2.0,2.0,0.988,2270.3,2.0,1.36,Safe,Potential Abuse,0.45581264303078,0,Safe,Safe
acct_000351,64.0,1.0,3.0,1.0,1.0,1.0,0.0,2.0,1.07,Safe,Safe,0.43684661548453846,0,Safe,Safe
acct_000352,34.0,2.0,2.0,1.0,1.0,0.529,0.0,2.0,0.6,Safe,Safe,0.45123639765989104,0,Safe,Safe
acct_000353,122.0,5.0,4.0,3.0,4.0,0.434,74405.1,4.0,2.04,Potential Abuse,Potential Abuse,0.542074931036508,2,Potential Abuse,Potential Abuse
acct_000354,126.0,11.0,4.0,7.0,10.0,0.571,429958.6,3.0,2.15,Potential Abuse,Potential Abuse,0.5262979375970175,2,Potential Abuse,Potential Abuse
acct_000355,292.0,96.0,12.0,16.0,20.0,0.103,1017629.8,8.0,4.93,Abusive,Abusive,0.5873351418764625,1,Abusive,Abusive
acct_000356,32.0,2.0,1.0,1.0,1.0,0.625,0.0,2.0,0.57,Safe,Safe,0.4756454894082699,0,Safe,Safe
acct_000357,48.0,1.0,1.0,1.0,1.0,1.0,0.0,1.0,0.82,Safe,Safe,0.49817808051718004,0,Safe,Safe
acct_000358,48.0,1.0,1.0,1.0,1.0,1.0,0.0,2.0,0.83,Safe,Safe,0.4275820276425205,0,Safe,Safe
acct_000359,48.0,1.0,1.0,1.0,1.0,1.0,0.0,2.0,0.82,Safe,Safe,0.4274290935009448,0,Safe,Safe
acct_000360,72.0,3.0,1.0,2.0,2.0,0.5,1233.5,2.0,1.23,Safe,Potential Abuse,0.4556414028833575,0,Safe,Safe
acct_000361,32.0,1.0,2.0,1.0,1.0,1.0,0.0,2.0,0.55,Safe,Safe,0.4328206696189945,0,Safe,Safe
acct_000362,32.0,1.0,1.0,1.0,1.0,1.0,0.0,2.0,0.61,Safe,Safe,0.4396033552854398,0,Safe,Safe
acct_000363,58.0,1.0,2.0,1.0,1.0,1.0,0.0,2.0,0.99,Safe,Safe,0.4186001614089874,0,Safe,Safe
acct_000364,24.0,1.0,3.0,1.0,1.0,1.0,0.0,1.0,0.42,Safe,Safe,0.4942475518232648,0,Safe,Safe
acct_000365,26.0,1.0,3.0,1.0,1.0,1.0,0.0,2.0,0.54,Safe,Safe,0.4492241391429062,0,Safe,Safe
acct_000366,132.0,13.0,5.0,9.0,11.0,0.477,403218.5,4.0,2.29,Potential Abuse,Abusive,0.5418571581080055,2,Potential Abuse,Potential Abuse
acct_000367,83.0,8.0,4.0,6.0,6.0,0.361,62706.3,4.0,1.43,Potential Abuse,Potential Abuse,0.4919233241126017,2,Potential Abuse,Safe
acct_000368,32.0,1.0,1.0,1.0,1.0,1.0,0.0,2.0,0.56,Safe,Safe,0.44043321750018255,0,Safe,Safe
acct_000369,71.0,6.0,4.0,5.0,5.0,0.521,614415.0,5.0,1.23,Potential Abuse,Potential Abuse,0.5033466843827811,2,Potential Abuse,Potential Abuse
acct_000370,76.0,6.0,3.0,4.0,4.0,0.474,27962.7,3.0,1.32,Potential Abuse,Potential Abuse,0.467985950912003,2,Potential Abuse,Safe
acct_000371,66.0,2.0,3.0,2.0,2.0,0.985,692.2,2.0,1.13,Safe,Potential Abuse,0.43111157215052226,0,Safe,Safe
acct_000372,56.0,2.0,1.0,1.0,1.0,0.625,0.0,2.0,0.95,Safe,Safe,0.46399663506040717,0,Safe,Safe
acct_000373,81.0,2.0,2.0,2.0,2.0,0.988,1519.9,2.0,1.37,Safe,Potential Abuse,0.44632197195868123,0,Safe,Safe
acct_000374,89.0,10.0,5.0,6.0,7.0,0.371,425006.4,4.0,1.51,Potential Abuse,Potential Abuse,0.49085341436934804,2,Potential Abuse,Safe
acct_000375,44.0,3.0,4.0,2.0,2.0,0.614,2622.8,3.0,0.75,Potential Abuse,Potential Abuse,0.4906213820260972,0,Safe,Safe
acct_000376,116.0,7.0,5.0,5.0,5.0,0.474,362151.5,4.0,1.99,Potential Abuse,Potential Abuse,0.4961045773091605,2,Potential Abuse,Safe
acct_000377,24.0,2.0,1.0,1.0,1.0,0.958,0.0,1.0,0.44,Safe,Safe,0.5234949749152799,0,Safe,Potential Abuse
acct_000378,49.0,1.0,2.0,1.0,1.0,1.0,0.0,2.0,0.87,Safe,Safe,0.4204364455758803,0,Safe,Safe
acct_000379,40.0,3.0,1.0,2.0,2.0,0.5,1418.9,3.0,0.68,Safe,Potential Abuse,0.4999984398364645,0,Safe,Safe
acct_000380,56.0,1.0,1.0,1.0,1.0,1.0,0.0,2.0,0.94,Safe,Safe,0.42902761129663436,0,Safe,Safe
acct_000381,81.0,2.0,2.0,2.0,2.0,0.988,1757.6,2.0,1.36,Safe,Potential Abuse,0.44652856283707015,0,Safe,Safe
acct_000382,33.0,1.0,3.0,1.0,1.0,1.0,0.0,2.0,0.57,Safe,Safe,0.4336012646494031,0,Safe,Safe
acct_000383,50.0,5.0,5.0,5.0,5.0,0.52,134485.5,4.0,0.89,Potential Abuse,Potential Abuse,0.4892302228958638,2,Potential Abuse,Safe
acct_000384,72.0,1.0,1.0,1.0,1.0,1.0,0.0,2.0,1.27,Safe,Safe,0.4558230917634032,0,Safe,Safe
acct_000385,32.0,1.0,1.0,1.0,1.0,1.0,0.0,2.0,0.56,Safe,Safe,0.44043321750018255,0,Safe,Safe
acct_000386,63.0,5.0,5.0,4.0,4.0,0.587,243075.1,3.0,1.05,Potential Abuse,Potential Abuse,0.4748921398721619,2,Potential Abuse,Safe
acct_000387,65.0,2.0,3.0,2.0,2.0,0.985,1748.7,2.0,1.1,Safe,Potential Abuse,0.4311464353326076,0,Safe,Safe
acct_000388,56.0,8.0,6.0,6.0,6.0,0.643,114490.3,3.0,1.03,Potential Abuse,Potential Abuse,0.503361813842212,2,Potential Abuse,Potential Abuse
acct_000389,25.0,1.0,2.0,1.0,1.0,1.0,0.0,3.0,0.43,Safe,Potential Abuse,0.5092013358599241,0,Safe,Potential Abuse
acct_000390,40.0,1.0,1.0,1.0,1.0,1.0,0.0,1.0,0.69,Safe,Safe,0.491324043094837,0,Safe,Safe
acct_000391,56.0,1.0,2.0,1.0,1.0,1.0,0.0,2.0,0.96,Safe,Safe,0.41579382170689555,0,Safe,Safe
acct_000392,73.0,3.0,2.0,2.0,2.0,0.534,2210.1,2.0,1.22,Safe,Potential Abuse,0.44003743864222655,0,Safe,Safe
acct_000393,56.0,2.0,2.0,1.0,1.0,0.536,0.0,2.0,1.03,Safe,Safe,0.4455022112614432,0,Safe,Safe
acct_000394,182.0,74.0,7.0,16.0,20.0,0.148,1017629.8,8.0,3.14,Abusive,Abusive,0.5814202891448897,1,Abusive,Abusive
acct_000395,24.0,2.0,2.0,1.0,1.0,0.542,0.0,2.0,0.47,Safe,Safe,0.4709776864704125,0,Safe,Safe
acct_000396,41.0,2.0,3.0,2.0,2.0,0.976,1042.3,2.0,0.78,Safe,Potential Abuse,0.4418927291006946,0,Safe,Safe
acct_000397,63.0,8.0,6.0,6.0,6.0,0.492,8544.5,3.0,1.05,Potential Abuse,Potential Abuse,0.5086000371733905,2,Potential Abuse,Potential Abuse
acct_000398,50.0,2.0,3.0,2.0,2.0,0.98,1439.9,2.0,0.84,Safe,Potential Abuse,0.4335507999991591,0,Safe,Safe
acct_000399,72.0,2.0,3.0,2.0,2.0,0.986,34287.0,2.0,1.24,Safe,Potential Abuse,0.4690071273358408,0,Safe,Safe
acct_000400,41.0,2.0,3.0,2.0,2.0,0.976,194.9,2.0,0.76,Safe,Potential Abuse,0.44552169168745126,0,Safe,Safe
acct_000401,56.0,2.0,1.0,2.0,2.0,0.982,97.5,2.0,0.97,Safe,Potential Abuse,0.4521245510713014,0,Safe,Safe
acct_000402,64.0,2.0,2.0,2.0,2.0,0.984,1118.4,2.0,1.12,Safe,Potential Abuse,0.43051249985206574,0,Safe,Safe
acct_000403,127.0,9.0,3.0,8.0,8.0,0.433,97926.4,4.0,2.13,Potential Abuse,Abusive,0.5175833244389394,2,Potential Abuse,Potential Abuse
acct_000404,56.0,2.0,3.0,1.0,1.0,0.589,0.0,2.0,1.02,Safe,Safe,0.4580250522595244,0,Safe,Safe
acct_000405,66.0,2.0,3.0,1.0,1.0,0.545,0.0,2.0,1.12,Safe,Safe,0.46026607475205683,0,Safe,Safe
acct_000406,48.0,5.0,4.0,2.0,2.0,0.604,121036.9,3.0,0.84,Potential Abuse,Potential Abuse,0.5082073525466065,2,Potential Abuse,Potential Abuse
acct_000407,48.0,3.0,2.0,3.0,3.0,0.958,474.7,2.0,0.84,Safe,Potential Abuse,0.4850001747695784,0,Safe,Safe
acct_000408,50.0,6.0,6.0,5.0,5.0,0.48,582703.5,3.0,0.86,Potential Abuse,Potential Abuse,0.4908620110686815,2,Potential Abuse,Safe
acct_000409,33.0,2.0,3.0,2.0,2.0,0.97,139911.8,2.0,0.55,Safe,Potential Abuse,0.5101053670054208,0,Safe,Potential Abuse
acct_000410,48.0,2.0,1.0,2.0,2.0,0.979,4413.6,2.0,0.81,Safe,Potential Abuse,0.4458327775889671,0,Safe,Safe
acct_000411,299.0,80.0,14.0,16.0,20.0,0.204,959220.5,6.0,5.02,Abusive,Abusive,0.622436696509508,1,Abusive,Abusive
acct_000412,56.0,3.0,3.0,3.0,3.0,0.964,2776.3,2.0,0.98,Safe,Potential Abuse,0.4767415377086055,0,Safe,Safe
acct_000413,58.0,2.0,3.0,2.0,2.0,0.983,101.4,2.0,0.97,Safe,Potential Abuse,0.444031110926083,0,Safe,Safe
acct_000414,308.0,113.0,6.0,16.0,20.0,0.12,1112232.4,8.0,5.16,Abusive,Abusive,0.5987841024278979,1,Abusive,Abusive
acct_000415,65.0,2.0,2.0,1.0,1.0,0.6,0.0,2.0,1.14,Safe,Safe,0.4526988080711356,0,Safe,Safe
acct_000416,25.0,2.0,2.0,1.0,1.0,0.52,0.0,2.0,0.46,Safe,Safe,0.4760930046692828,0,Safe,Safe
acct_000417,74.0,2.0,2.0,1.0,1.0,0.581,0.0,2.0,1.28,Safe,Safe,0.46489152938005357,0,Safe,Safe
acct_000418,24.0,1.0,2.0,1.0,1.0,1.0,0.0,1.0,0.44,Safe,Safe,0.4814218774949096,0,Safe,Safe
acct_000419,80.0,1.0,1.0,1.0,1.0,1.0,0.0,3.0,1.38,Safe,Potential Abuse,0.5274474863048606,0,Safe,Potential Abuse
acct_000420,48.0,1.0,1.0,1.0,1.0,1.0,0.0,2.0,0.84,Safe,Safe,0.42883600709077907,0,Safe,Safe
acct_000421,32.0,2.0,2.0,1.0,1.0,0.562,0.0,1.0,0.59,Safe,Safe,0.4986007374525781,0,Safe,Safe
acct_000422,57.0,2.0,3.0,1.0,1.0,0.561,0.0,2.0,0.96,Safe,Safe,0.45555526596720425,0,Safe,Safe
acct_000423,81.0,4.0,2.0,3.0,3.0,0.519,2613.2,2.0,1.44,Safe,Potential Abuse,0.4834178329744563,2,Potential Abuse,Safe
acct_000424,41.0,1.0,2.0,1.0,1.0,1.0,0.0,2.0,0.72,Safe,Safe,0.42134074429611645,0,Safe,Safe
acct_000425,77.0,8.0,6.0,4.0,5.0,0.519,267810.1,4.0,1.3,Potential Abuse,Potential Abuse,0.49458407079586714,2,Potential Abuse,Safe
acct_000426,68.0,6.0,3.0,4.0,4.0,0.441,111438.8,3.0,1.16,Potential Abuse,Potential Abuse,0.46576999529831314,2,Potential Abuse,Safe
acct_000427,56.0,2.0,2.0,2.0,2.0,0.982,559.3,2.0,0.95,Safe,Potential Abuse,0.4266361273639883,0,Safe,Safe
acct_000428,80.0,2.0,1.0,1.0,1.0,0.575,0.0,2.0,1.36,Safe,Safe,0.49157869614133554,0,Safe,Safe
acct_000429,102.0,8.0,6.0,5.0,5.0,0.255,663886.0,5.0,1.75,Potential Abuse,Potential Abuse,0.5549053946787835,2,Potential Abuse,Potential Abuse
acct_000430,140.0,9.0,5.0,8.0,8.0,0.514,144193.1,4.0,2.33,Potential Abuse,Abusive,0.5237624518647838,2,Potential Abuse,Potential Abuse
acct_000431,24.0,1.0,1.0,1.0,1.0,1.0,0.0,1.0,0.42,Safe,Safe,0.4970022351859962,0,Safe,Safe
acct_000432,49.0,4.0,3.0,3.0,3.0,0.51,48649.3,2.0,0.85,Safe,Potential Abuse,0.47684312590083294,2,Potential Abuse,Safe
acct_000433,57.0,3.0,3.0,3.0,3.0,0.965,466.9,2.0,0.96,Safe,Potential Abuse,0.4799393663914121,0,Safe,Safe
acct_000434,80.0,3.0,1.0,2.0,2.0,0.5,1691.4,2.0,1.39,Safe,Potential Abuse,0.4709635940346683,0,Safe,Safe
acct_000435,67.0,3.0,3.0,1.0,2.0,0.582,7137.9,3.0,1.14,Safe,Potential Abuse,0.4884392310074293,0,Safe,Safe
acct_000436,108.0,15.0,6.0,10.0,11.0,0.287,327882.6,4.0,1.82,Potential Abuse,Abusive,0.5690788691704254,2,Potential Abuse,Potential Abuse
acct_000437,55.0,5.0,6.0,4.0,4.0,0.509,59124.7,3.0,0.93,Potential Abuse,Potential Abuse,0.48610607276937323,2,Potential Abuse,Safe
acct_000438,24.0,1.0,1.0,1.0,1.0,1.0,0.0,2.0,0.42,Safe,Safe,0.4687334531699941,0,Safe,Safe
acct_000439,40.0,2.0,3.0,2.0,2.0,0.975,601.2,2.0,0.7,Safe,Potential Abuse,0.4448034370053579,0,Safe,Safe
acct_000440,64.0,2.0,1.0,2.0,2.0,0.984,1002.0,2.0,1.11,Safe,Potential Abuse,0.4387582917562183,0,Safe,Safe
acct_000441,62.0,9.0,5.0,6.0,7.0,0.5,171374.4,3.0,1.05,Potential Abuse,Potential Abuse,0.47221425870481587,2,Potential Abuse,Safe
acct_000442,73.0,2.0,3.0,1.0,1.0,0.589,0.0,2.0,1.24,Safe,Safe,0.4724026502860355,0,Safe,Safe
acct_000443,49.0,2.0,2.0,1.0,1.0,0.592,0.0,2.0,0.83,Safe,Safe,0.4435031840796027,0,Safe,Safe
acct_000444,64.0,3.0,2.0,2.0,2.0,0.531,863.4,2.0,1.11,Safe,Potential Abuse,0.4378135945424077,0,Safe,Safe
acct_000445,115.0,12.0,4.0,9.0,9.0,0.461,983647.9,4.0,1.97,Potential Abuse,Abusive,0.5230073473451412,2,Potential Abuse,Potential Abuse
acct_000446,73.0,3.0,2.0,2.0,2.0,0.548,2008.1,2.0,1.31,Safe,Potential Abuse,0.4427428759634322,0,Safe,Safe
acct_000447,25.0,1.0,3.0,1.0,1.0,1.0,0.0,2.0,0.5,Safe,Safe,0.4541305512519201,0,Safe,Safe
acct_000448,44.0,5.0,4.0,5.0,5.0,0.477,277457.8,4.0,0.74,Potential Abuse,Potential Abuse,0.5023120068531016,2,Potential Abuse,Potential Abuse
acct_000449,32.0,2.0,1.0,1.0,1.0,0.5,0.0,1.0,0.58,Safe,Safe,0.5174091731608835,0,Safe,Potential Abuse
acct_000450,81.0,1.0,2.0,1.0,1.0,1.0,0.0,3.0,1.39,Safe,Potential Abuse,0.5149958214295874,0,Safe,Potential Abuse
acct_000451,351.0,110.0,10.0,16.0,20.0,0.182,1112232.4,10.0,5.92,Abusive,Abusive,0.6182732178561984,1,Abusive,Abusive
acct_000452,49.0,1.0,3.0,1.0,1.0,1.0,0.0,2.0,0.83,Safe,Safe,0.4345737314638611,0,Safe,Safe
acct_000453,65.0,1.0,2.0,1.0,1.0,1.0,0.0,2.0,1.14,Safe,Safe,0.4266078346866081,0,Safe,Safe
acct_000454,75.0,1.0,3.0,1.0,1.0,1.0,0.0,2.0,1.27,Safe,Safe,0.458854747793947,0,Safe,Safe
acct_000455,72.0,2.0,3.0,2.0,2.0,0.986,443.5,3.0,1.22,Safe,Potential Abuse,0.4709059149821608,0,Safe,Safe
acct_000456,40.0,2.0,1.0,2.0,2.0,0.975,780.7,2.0,0.68,Safe,Potential Abuse,0.4532786734334039,0,Safe,Safe
acct_000457,40.0,1.0,1.0,1.0,1.0,1.0,0.0,2.0,0.7,Safe,Safe,0.4304943962818194,0,Safe,Safe
acct_000458,65.0,3.0,3.0,3.0,3.0,0.954,43775.9,3.0,1.11,Safe,Potential Abuse,0.5043697547069312,0,Safe,Potential Abuse
acct_000459,24.0,1.0,1.0,1.0,1.0,1.0,0.0,2.0,0.45,Safe,Safe,0.46364432512712644,0,Safe,Safe
acct_000460,56.0,1.0,3.0,1.0,1.0,1.0,0.0,2.0,1.01,Safe,Safe,0.43552677943503326,0,Safe,Safe
acct_000461,64.0,1.0,1.0,1.0,1.0,1.0,0.0,2.0,1.11,Safe,Safe,0.43423006284792476,0,Safe,Safe
acct_000462,57.0,1.0,2.0,1.0,1.0,1.0,0.0,2.0,0.99,Safe,Safe,0.41671036312851095,0,Safe,Safe
acct_000463,319.0,108.0,12.0,16.0,20.0,0.122,938722.4,8.0,5.38,Abusive,Abusive,0.5815500280369387,1,Abusive,Abusive
acct_000464,80.0,2.0,3.0,2.0,2.0,0.988,894.6,2.0,1.34,Safe,Potential Abuse,0.4510624108545915,0,Safe,Safe
acct_000465,72.0,2.0,3.0,2.0,2.0,0.986,1787.6,2.0,1.2,Safe,Potential Abuse,0.43831498316345835,0,Safe,Safe
acct_000466,49.0,3.0,5.0,3.0,3.0,0.571,11008.9,3.0,0.85,Potential Abuse,Potential Abuse,0.5011792146721591,2,Potential Abuse,Potential Abuse
acct_000467,49.0,1.0,3.0,1.0,1.0,1.0,0.0,2.0,0.83,Safe,Safe,0.4345737314638611,0,Safe,Safe
acct_000468,58.0,2.0,2.0,2.0,2.0,0.983,743.9,2.0,1.11,Safe,Potential Abuse,0.4317592555546123,0,Safe,Safe
acct_000469,111.0,9.0,4.0,6.0,7.0,0.514,576421.5,4.0,1.88,Potential Abuse,Potential Abuse,0.4861782616289897,2,Potential Abuse,Safe
acct_000470,133.0,14.0,3.0,8.0,10.0,0.414,812122.1,4.0,2.35,Potential Abuse,Abusive,0.5606838868894217,2,Potential Abuse,Potential Abuse
acct_000471,80.0,2.0,1.0,2.0,2.0,0.988,160.7,2.0,1.35,Safe,Potential Abuse,0.46817118814102193,0,Safe,Safe
acct_000472,130.0,10.0,4.0,7.0,7.0,0.477,826440.6,4.0,2.35,Potential Abuse,Potential Abuse,0.513185431595136,2,Potential Abuse,Potential Abuse
acct_000473,80.0,1.0,1.0,1.0,1.0,1.0,0.0,2.0,1.38,Safe,Safe,0.4812710211265698,0,Safe,Safe
acct_000474,88.0,14.0,3.0,10.0,10.0,0.534,318673.4,3.0,1.49,Potential Abuse,Abusive,0.5432148184162958,2,Potential Abuse,Potential Abuse
acct_000475,57.0,2.0,3.0,2.0,2.0,0.982,1714.6,2.0,0.96,Safe,Potential Abuse,0.4304153476866062,0,Safe,Safe
acct_000476,32.0,2.0,3.0,1.0,1.0,0.531,0.0,3.0,0.54,Safe,Potential Abuse,0.5110945102141562,0,Safe,Potential Abuse
acct_000477,89.0,7.0,5.0,6.0,6.0,0.506,80135.7,3.0,1.56,Potential Abuse,Potential Abuse,0.46591015567902194,2,Potential Abuse,Safe
acct_000478,65.0,3.0,3.0,2.0,2.0,0.569,980.4,2.0,1.15,Safe,Potential Abuse,0.4394387051901134,0,Safe,Safe
acct_000479,48.0,2.0,3.0,1.0,1.0,0.583,0.0,2.0,0.82,Safe,Safe,0.4517479656248499,0,Safe,Safe
acct_000480,48.0,1.0,2.0,1.0,1.0,1.0,0.0,2.0,0.84,Safe,Safe,0.418358771086231,0,Safe,Safe
acct_000481,66.0,1.0,2.0,1.0,1.0,1.0,0.0,2.0,1.15,Safe,Safe,0.42867389012144463,0,Safe,Safe
acct_000482,49.0,2.0,2.0,1.0,1.0,0.571,0.0,2.0,0.86,Safe,Safe,0.43948631745961564,0,Safe,Safe
acct_000483,58.0,1.0,2.0,1.0,1.0,1.0,0.0,2.0,1.0,Safe,Safe,0.4199705095787446,0,Safe,Safe
acct_000484,73.0,7.0,5.0,5.0,6.0,0.507,328405.8,3.0,1.25,Potential Abuse,Potential Abuse,0.4574305612895672,2,Potential Abuse,Safe
acct_000485,56.0,3.0,3.0,3.0,3.0,0.964,38460.8,2.0,0.99,Safe,Potential Abuse,0.49160803369125977,0,Safe,Safe
acct_000486,33.0,2.0,2.0,1.0,1.0,0.697,0.0,3.0,0.59,Safe,Potential Abuse,0.5171797721095485,0,Safe,Potential Abuse
acct_000487,98.0,5.0,5.0,4.0,4.0,0.551,44386.5,3.0,1.68,Potential Abuse,Potential Abuse,0.4974431066446669,2,Potential Abuse,Safe
acct_000488,49.0,1.0,2.0,1.0,1.0,1.0,0.0,2.0,0.9,Safe,Safe,0.4216135733088449,0,Safe,Safe
acct_000489,48.0,1.0,3.0,1.0,1.0,1.0,0.0,2.0,0.82,Safe,Safe,0.4340527960469059,0,Safe,Safe
acct_000490,64.0,3.0,1.0,2.0,2.0,0.531,310.0,2.0,1.11,Safe,Potential Abuse,0.4533763917940371,0,Safe,Safe
acct_000491,32.0,2.0,2.0,2.0,2.0,0.969,289.6,2.0,0.55,Safe,Potential Abuse,0.4628061068157562,0,Safe,Safe
acct_000492,72.0,2.0,1.0,2.0,2.0,0.986,5516.2,2.0,1.23,Safe,Potential Abuse,0.4508342411379076,0,Safe,Safe
acct_000493,57.0,4.0,3.0,4.0,4.0,0.947,663886.0,2.0,0.96,Safe,Potential Abuse,0.5376072603376816,2,Potential Abuse,Potential Abuse
acct_000494,48.0,1.0,1.0,1.0,1.0,1.0,0.0,3.0,0.87,Safe,Potential Abuse,0.5000013835052481,0,Safe,Safe
acct_000495,40.0,1.0,1.0,1.0,1.0,1.0,0.0,2.0,0.67,Safe,Safe,0.43094313651497557,0,Safe,Safe
acct_000496,239.0,81.0,8.0,16.0,20.0,0.167,1017629.8,8.0,4.0,Abusive,Abusive,0.5657150009866067,1,Abusive,Potential Abuse
acct_000497,66.0,1.0,2.0,1.0,1.0,1.0,0.0,2.0,1.11,Safe,Safe,0.4269767414321344,0,Safe,Safe
acct_000498,297.0,106.0,10.0,16.0,20.0,0.104,996402.1,7.0,5.04,Abusive,Abusive,0.5915342843231748,1,Abusive,Abusive
acct_000499,81.0,2.0,3.0,1.0,1.0,0.506,0.0,2.0,1.39,Safe,Safe,0.49816586623312836,0,Safe,Safe
acct_000500,41.0,3.0,2.0,2.0,2.0,0.61,758.0,2.0,0.7,Safe,Potential Abuse,0.4518184599445843,0,Safe,Safe
acct_000501,80.0,1.0,1.0,1.0,1.0,1.0,0.0,2.0,1.34,Safe,Safe,0.4758704684696306,0,Safe,Safe
acct_000502,56.0,1.0,1.0,1.0,1.0,1.0,0.0,2.0,0.97,Safe,Safe,0.42705666846014095,0,Safe,Safe
acct_000503,72.0,2.0,1.0,1.0,1.0,0.625,0.0,2.0,1.22,Safe,Safe,0.4785460540279948,0,Safe,Safe
acct_000504,48.0,2.0,2.0,1.0,1.0,0.521,0.0,2.0,0.82,Safe,Safe,0.44282511987213424,0,Safe,Safe
acct_000505,49.0,2.0,3.0,2.0,2.0,0.98,608.5,2.0,0.87,Safe,Potential Abuse,0.42983003844503687,0,Safe,Safe
acct_000506,32.0,1.0,1.0,1.0,1.0,1.0,0.0,2.0,0.57,Safe,Safe,0.43933822621322616,0,Safe,Safe
acct_000507,49.0,3.0,2.0,2.0,2.0,0.592,246.1,2.0,0.83,Safe,Potential Abuse,0.44909512479557795,0,Safe,Safe
acct_000508,72.0,2.0,1.0,2.0,2.0,0.986,1376.6,3.0,1.26,Safe,Potential Abuse,0.47983013904783595,0,Safe,Safe
acct_000509,48.0,1.0,3.0,1.0,1.0,1.0,0.0,2.0,0.81,Safe,Safe,0.43555389509383474,0,Safe,Safe
acct_000510,33.0,1.0,3.0,1.0,1.0,1.0,0.0,2.0,0.59,Safe,Safe,0.43406353128762964,0,Safe,Safe
acct_000511,57.0,1.0,2.0,1.0,1.0,1.0,0.0,3.0,0.96,Safe,Potential Abuse,0.4769822447560871,0,Safe,Safe
acct_000512,60.0,6.0,3.0,3.0,4.0,0.3,161802.6,3.0,1.09,Potential Abuse,Potential Abuse,0.5087662212499426,2,Potential Abuse,Potential Abuse
acct_000513,406.0,143.0,8.0,16.0,20.0,0.135,1112232.4,9.0,6.89,Abusive,Abusive,0.6535764219073218,1,Abusive,Abusive
acct_000514,48.0,1.0,2.0,1.0,1.0,1.0,0.0,2.0,0.8,Safe,Safe,0.41938887300269334,0,Safe,Safe
acct_000515,48.0,1.0,1.0,1.0,1.0,1.0,0.0,2.0,0.82,Safe,Safe,0.4274290935009448,0,Safe,Safe
acct_000516,328.0,112.0,8.0,16.0,20.0,0.152,979263.5,9.0,5.53,Abusive,Abusive,0.5740123771356431,1,Abusive,Potential Abuse
acct_000517,50.0,2.0,3.0,2.0,2.0,0.98,6635.4,2.0,0.84,Safe,Potential Abuse,0.4444744750873866,0,Safe,Safe
acct_000518,64.0,1.0,2.0,1.0,1.0,1.0,0.0,2.0,1.08,Safe,Safe,0.42276684603663206,0,Safe,Safe
acct_000519,64.0,1.0,1.0,1.0,1.0,1.0,0.0,2.0,1.08,Safe,Safe,0.431928120421016,0,Safe,Safe
acct_000520,72.0,2.0,1.0,1.0,1.0,0.583,0.0,2.0,1.21,Safe,Safe,0.4721226071405911,0,Safe,Safe
acct_000521,80.0,2.0,2.0,1.0,1.0,0.562,0.0,2.0,1.35,Safe,Safe,0.4751437654231279,0,Safe,Safe
acct_000522,64.0,1.0,1.0,1.0,1.0,1.0,0.0,2.0,1.07,Safe,Safe,0.43183406076896175,0,Safe,Safe
acct_000523,56.0,3.0,2.0,3.0,3.0,0.964,15447.4,2.0,0.94,Safe,Potential Abuse,0.4910616375887784,0,Safe,Safe
acct_000524,80.0,10.0,5.0,8.0,8.0,0.262,39037.8,4.0,1.35,Potential Abuse,Abusive,0.5460523030912176,2,Potential Abuse,Potential Abuse
acct_000525,72.0,4.0,1.0,3.0,3.0,0.514,9325.1,2.0,1.22,Safe,Potential Abuse,0.4863800066035996,2,Potential Abuse,Safe
acct_000526,118.0,10.0,6.0,5.0,7.0,0.483,508363.4,3.0,2.01,Potential Abuse,Potential Abuse,0.5080069635688569,2,Potential Abuse,Potential Abuse
acct_000527,80.0,2.0,1.0,2.0,2.0,0.988,1646.6,2.0,1.35,Safe,Potential Abuse,0.45323869000057243,0,Safe,Safe
acct_000528,40.0,3.0,2.0,1.0,1.0,0.5,0.0,2.0,0.68,Safe,Potential Abuse,0.487229010422529,0,Safe,Safe
acct_000529,24.0,2.0,1.0,1.0,1.0,0.542,0.0,1.0,0.44,Safe,Safe,0.5197139449816658,0,Safe,Potential Abuse
acct_000530,65.0,1.0,3.0,1.0,1.0,1.0,0.0,3.0,1.19,Safe,Potential Abuse,0.48883643184116327,0,Safe,Safe
acct_000531,50.0,3.0,2.0,2.0,2.0,0.54,21953.0,2.0,0.94,Safe,Potential Abuse,0.4582229987184329,0,Safe,Safe
acct_000532,66.0,3.0,2.0,2.0,2.0,0.5,224.3,2.0,1.1,Safe,Potential Abuse,0.4540216537299469,0,Safe,Safe
acct_000533,109.0,10.0,3.0,8.0,8.0,0.505,108837.2,4.0,1.93,Potential Abuse,Abusive,0.5063139857043646,2,Potential Abuse,Potential Abuse
acct_000534,82.0,1.0,3.0,1.0,1.0,1.0,0.0,3.0,1.4,Safe,Potential Abuse,0.5280787754431004,0,Safe,Potential Abuse
acct_000535,24.0,1.0,3.0,1.0,1.0,1.0,0.0,2.0,0.42,Safe,Safe,0.45991106262258413,0,Safe,Safe
acct_000536,40.0,2.0,1.0,2.0,2.0,0.975,1422.7,2.0,0.73,Safe,Potential Abuse,0.4525695988714613,0,Safe,Safe
acct_000537,327.0,115.0,14.0,16.0,20.0,0.159,996402.1,7.0,5.55,Abusive,Abusive,0.6148331235876845,1,Abusive,Abusive
acct_000538,80.0,3.0,2.0,3.0,3.0,0.975,761.7,2.0,1.38,Safe,Potential Abuse,0.486496940201845,0,Safe,Safe
acct_000539,40.0,1.0,1.0,1.0,1.0,1.0,0.0,2.0,0.68,Safe,Safe,0.4303239675291574,0,Safe,Safe
acct_000540,127.0,9.0,6.0,5.0,6.0,0.323,18088.6,4.0,2.19,Potential Abuse,Potential Abuse,0.5665142819080445,2,Potential Abuse,Potential Abuse
acct_000541,40.0,1.0,2.0,1.0,1.0,1.0,0.0,2.0,0.7,Safe,Safe,0.4205362600547066,0,Safe,Safe
acct_000542,32.0,1.0,1.0,1.0,1.0,1.0,0.0,2.0,0.54,Safe,Safe,0.44326196147714203,0,Safe,Safe
acct_000543,64.0,2.0,1.0,2.0,2.0,0.984,708.3,3.0,1.08,Safe,Potential Abuse,0.477369120853724,0,Safe,Safe
acct_000544,81.0,3.0,2.0,2.0,2.0,0.975,638.6,3.0,1.41,Safe,Potential Abuse,0.4912290374309893,0,Safe,Safe
acct_000545,24.0,3.0,1.0,3.0,3.0,0.917,1145.7,2.0,0.44,Safe,Potential Abuse,0.5459000108814294,0,Safe,Potential Abuse
acct_000546,125.0,8.0,4.0,4.0,5.0,0.504,70834.4,4.0,2.1,Potential Abuse,Potential Abuse,0.5129085803795908,2,Potential Abuse,Potential Abuse
acct_000547,81.0,2.0,3.0,1.0,1.0,0.531,0.0,2.0,1.41,Safe,Safe,0.49415662684216616,0,Safe,Safe
acct_000548,41.0,2.0,3.0,1.0,1.0,0.756,0.0,2.0,0.71,Safe,Safe,0.47207188570023656,0,Safe,Safe
acct_000549,72.0,1.0,3.0,1.0,1.0,1.0,0.0,2.0,1.23,Safe,Safe,0.4519585650467268,0,Safe,Safe
acct_000550,83.0,3.0,2.0,3.0,3.0,0.976,661.1,2.0,1.4,Safe,Potential Abuse,0.4972828545347948,0,Safe,Safe
acct_000551,81.0,3.0,3.0,1.0,2.0,0.543,182.3,3.0,1.43,Safe,Potential Abuse,0.5062698886470341,0,Safe,Potential Abuse
acct_000552,48.0,2.0,1.0,2.0,2.0,0.979,68.9,1.0,0.81,Safe,Potential Abuse,0.5086711482380267,0,Safe,Potential Abuse
acct_000553,32.0,2.0,1.0,1.0,1.0,0.562,0.0,1.0,0.55,Safe,Safe,0.5080108732013261,0,Safe,Potential Abuse
acct_000554,65.0,1.0,3.0,1.0,1.0,1.0,0.0,3.0,1.1,Safe,Potential Abuse,0.4860548557562208,0,Safe,Safe
acct_000555,117.0,13.0,5.0,7.0,7.0,0.265,535539.7,5.0,2.05,Potential Abuse,Potential Abuse,0.5541779410376061,2,Potential Abuse,Potential Abuse
acct_000556,57.0,2.0,3.0,2.0,2.0,0.982,1393.8,2.0,0.98,Safe,Potential Abuse,0.4301012886198398,0,Safe,Safe
acct_000557,48.0,1.0,1.0,1.0,1.0,1.0,0.0,2.0,0.8,Safe,Safe,0.4288635961147715,0,Safe,Safe
acct_000558,48.0,2.0,1.0,2.0,2.0,0.979,463.2,2.0,0.85,Safe,Potential Abuse,0.4371989757472886,0,Safe,Safe
acct_000559,41.0,1.0,2.0,1.0,1.0,1.0,0.0,2.0,0.71,Safe,Safe,0.4210197378568261,0,Safe,Safe
acct_000560,108.0,9.0,6.0,6.0,7.0,0.509,484455.6,3.0,1.83,Potential Abuse,Potential Abuse,0.49202539967869374,2,Potential Abuse,Safe
acct_000561,41.0,1.0,2.0,1.0,1.0,1.0,0.0,2.0,0.72,Safe,Safe,0.42134074429611645,0,Safe,Safe
acct_000562,57.0,1.0,2.0,1.0,1.0,1.0,0.0,2.0,0.96,Safe,Safe,0.41587128332631224,0,Safe,Safe
acct_000563,49.0,1.0,3.0,1.0,1.0,1.0,0.0,2.0,0.88,Safe,Safe,0.43695815741531496,0,Safe,Safe
acct_000564,32.0,1.0,2.0,1.0,1.0,1.0,0.0,1.0,0.56,Safe,Safe,0.4780420955545648,0,Safe,Safe
acct_000565,74.0,2.0,2.0,2.0,2.0,0.986,25.4,3.0,1.28,Safe,Potential Abuse,0.4981060913970371,0,Safe,Safe
acct_000566,32.0,3.0,1.0,2.0,2.0,0.5,136.3,2.0,0.55,Safe,Potential Abuse,0.49560635954318843,0,Safe,Safe
acct_000567,72.0,1.0,1.0,1.0,1.0,1.0,0.0,3.0,1.22,Safe,Potential Abuse,0.5047088181486666,0,Safe,Potential Abuse
acct_000568,124.0,11.0,4.0,6.0,7.0,0.282,724410.4,5.0,2.14,Potential Abuse,Potential Abuse,0.5519662100983815,2,Potential Abuse,Potential Abuse
acct_000569,41.0,1.0,2.0,1.0,1.0,1.0,0.0,2.0,0.68,Safe,Safe,0.4221902444853869,0,Safe,Safe
acct_000570,120.0,8.0,5.0,8.0,8.0,0.492,594977.9,5.0,2.06,Potential Abuse,Abusive,0.5284317832612877,2,Potential Abuse,Potential Abuse
acct_000571,85.0,10.0,3.0,8.0,9.0,0.506,249765.2,4.0,1.47,Potential Abuse,Abusive,0.5038052514912839,2,Potential Abuse,Potential Abuse
acct_000572,80.0,2.0,1.0,2.0,2.0,0.988,1027.7,2.0,1.39,Safe,Potential Abuse,0.45936386516485095,0,Safe,Safe
acct_000573,48.0,3.0,3.0,2.0,2.0,0.583,1626.1,2.0,0.83,Safe,Potential Abuse,0.44210539246174047,0,Safe,Safe
acct_000574,24.0,1.0,3.0,1.0,1.0,1.0,0.0,1.0,0.49,Safe,Safe,0.49484042336248424,0,Safe,Safe
acct_000575,266.0,104.0,13.0,16.0,20.0,0.102,938722.4,9.0,4.54,Abusive,Abusive,0.598668017441447,1,Abusive,Abusive
acct_000576,80.0,2.0,1.0,2.0,2.0,0.988,3201.9,3.0,1.34,Safe,Potential Abuse,0.4853765439095777,0,Safe,Safe
acct_000577,205.0,61.0,10.0,15.0,19.0,0.141,801432.4,7.0,3.53,Abusive,Abusive,0.6125306271489808,1,Abusive,Abusive
acct_000578,56.0,2.0,1.0,2.0,2.0,0.982,3092.8,2.0,0.97,Safe,Potential Abuse,0.43985843457037793,0,Safe,Safe
acct_000579,40.0,3.0,2.0,3.0,3.0,0.95,430.1,2.0,0.72,Safe,Potential Abuse,0.4949567630643197,0,Safe,Safe
acct_000580,48.0,11.0,6.0,6.0,7.0,0.521,349121.4,4.0,0.82,Potential Abuse,Potential Abuse,0.527151623547843,2,Potential Abuse,Potential Abuse
acct_000581,24.0,1.0,1.0,1.0,1.0,1.0,0.0,1.0,0.49,Safe,Safe,0.4982313618582296,0,Safe,Safe
acct_000582,48.0,1.0,1.0,1.0,1.0,1.0,0.0,1.0,0.85,Safe,Safe,0.501783881026073,0,Safe,Potential Abuse
acct_000583,66.0,1.0,3.0,1.0,1.0,1.0,0.0,3.0,1.11,Safe,Potential Abuse,0.4881478489623109,0,Safe,Safe
acct_000584,74.0,1.0,3.0,1.0,1.0,1.0,0.0,2.0,1.26,Safe,Safe,0.4564349389436638,0,Safe,Safe
acct_000585,95.0,9.0,4.0,7.0,7.0,0.305,212431.6,3.0,1.62,Potential Abuse,Potential Abuse,0.49880115364806243,2,Potential Abuse,Safe
acct_000586,41.0,1.0,3.0,1.0,1.0,1.0,0.0,2.0,0.75,Safe,Safe,0.43503666655677026,0,Safe,Safe
acct_000587,120.0,8.0,6.0,8.0,8.0,0.517,244523.5,4.0,2.04,Potential Abuse,Abusive,0.5153564440642995,2,Potential Abuse,Potential Abuse
acct_000588,78.0,8.0,6.0,6.0,7.0,0.346,228736.7,3.0,1.35,Potential Abuse,Potential Abuse,0.495408719366444,2,Potential Abuse,Safe
acct_000589,332.0,118.0,7.0,16.0,20.0,0.133,1112232.4,10.0,5.7,Abusive,Abusive,0.6036058815780607,1,Abusive,Abusive
acct_000590,64.0,1.0,3.0,1.0,1.0,1.0,0.0,2.0,1.11,Safe,Safe,0.4365391683013608,0,Safe,Safe
acct_000591,32.0,2.0,2.0,1.0,1.0,0.531,0.0,1.0,0.54,Safe,Safe,0.5011680325725362,0,Safe,Potential Abuse
acct_000592,57.0,1.0,2.0,1.0,1.0,1.0,0.0,2.0,0.98,Safe,Safe,0.4160796872423576,0,Safe,Safe
acct_000593,243.0,74.0,7.0,16.0,20.0,0.16,983647.9,6.0,4.12,Abusive,Abusive,0.5833655831074356,1,Abusive,Abusive
acct_000594,80.0,2.0,2.0,1.0,1.0,0.512,0.0,2.0,1.35,Safe,Safe,0.47954562366484993,0,Safe,Safe
acct_000595,80.0,4.0,3.0,2.0,3.0,0.525,3328.7,2.0,1.35,Safe,Potential Abuse,0.4743291610239078,2,Potential Abuse,Safe
acct_000596,46.0,4.0,6.0,3.0,3.0,0.522,979263.5,3.0,0.89,Potential Abuse,Potential Abuse,0.5281417990293154,2,Potential Abuse,Potential Abuse
acct_000597,65.0,3.0,2.0,2.0,2.0,0.569,208.5,2.0,1.16,Safe,Potential Abuse,0.44917575786707054,0,Safe,Safe
acct_000598,32.0,2.0,2.0,1.0,2.0,0.969,68.9,2.0,0.64,Safe,Safe,0.48545566984823085,0,Safe,Safe
acct_000599,32.0,1.0,3.0,1.0,1.0,1.0,0.0,1.0,0.54,Safe,Safe,0.4842338517363249,0,Safe,Safe
acct_000600,57.0,4.0,3.0,2.0,2.0,0.596,936.3,2.0,0.99,Safe,Potential Abuse,0.45715126140527046,0,Safe,Safe
acct_000601,40.0,2.0,3.0,1.0,1.0,0.525,0.0,2.0,0.67,Safe,Safe,0.45215491604276703,0,Safe,Safe
acct_000602,114.0,12.0,6.0,8.0,9.0,0.482,875098.3,4.0,1.92,Potential Abuse,Abusive,0.5205662257364981,2,Potential Abuse,Potential Abuse
acct_000603,56.0,5.0,4.0,3.0,3.0,0.446,66506.3,4.0,0.96,Potential Abuse,Potential Abuse,0.5077215512353817,2,Potential Abuse,Potential Abuse
acct_000604,24.0,1.0,1.0,1.0,1.0,1.0,0.0,2.0,0.41,Safe,Safe,0.47242345049264045,0,Safe,Safe
acct_000605,275.0,92.0,14.0,16.0,20.0,0.127,965670.0,7.0,4.63,Abusive,Abusive,0.5978132702265369,1,Abusive,Abusive
acct_000606,56.0,2.0,1.0,2.0,2.0,0.982,962.0,3.0,0.93,Safe,Potential Abuse,0.48485287926385606,0,Safe,Safe
acct_000607,83.0,11.0,6.0,6.0,8.0,0.566,241054.7,3.0,1.49,Potential Abuse,Potential Abuse,0.5011310759935288,2,Potential Abuse,Potential Abuse
acct_000608,105.0,9.0,5.0,6.0,7.0,0.381,419478.8,3.0,1.81,Potential Abuse,Potential Abuse,0.49089390001049843,2,Potential Abuse,Safe
acct_000609,64.0,2.0,2.0,1.0,1.0,0.516,0.0,2.0,1.11,Safe,Safe,0.4489726489851776,0,Safe,Safe
acct_000610,42.0,2.0,3.0,1.0,1.0,0.524,0.0,2.0,0.72,Safe,Safe,0.45483676418866353,0,Safe,Safe
acct_000611,320.0,118.0,15.0,16.0,20.0,0.128,965670.0,8.0,5.39,Abusive,Abusive,0.6124957979195245,1,Abusive,Abusive
acct_000612,88.0,10.0,3.0,8.0,8.0,0.489,444965.2,4.0,1.47,Potential Abuse,Abusive,0.49693221094963297,2,Potential Abuse,Safe
acct_000613,64.0,5.0,6.0,4.0,4.0,0.453,145352.3,4.0,1.11,Potential Abuse,Potential Abuse,0.4996467061055475,2,Potential Abuse,Safe
acct_000614,121.0,8.0,4.0,8.0,8.0,0.512,90374.4,3.0,2.1,Potential Abuse,Abusive,0.5079214295765178,2,Potential Abuse,Potential Abuse
acct_000615,83.0,7.0,6.0,4.0,4.0,0.446,591142.7,6.0,1.41,Potential Abuse,Abusive,0.5357149444882339,2,Potential Abuse,Potential Abuse
acct_000616,64.0,2.0,3.0,2.0,2.0,0.984,578.4,2.0,1.11,Safe,Potential Abuse,0.43162119133477683,0,Safe,Safe
acct_000617,116.0,8.0,6.0,7.0,7.0,0.526,475800.4,3.0,1.95,Potential Abuse,Potential Abuse,0.5036378289584121,2,Potential Abuse,Potential Abuse
acct_000618,40.0,1.0,3.0,1.0,1.0,1.0,0.0,1.0,0.71,Safe,Safe,0.4916978034238907,0,Safe,Safe
acct_000619,80.0,2.0,1.0,2.0,2.0,0.988,470.8,2.0,1.36,Safe,Potential Abuse,0.45730830052635496,0,Safe,Safe
acct_000620,371.0,124.0,7.0,16.0,20.0,0.097,965670.0,11.0,6.3,Abusive,Abusive,0.6382206201619948,1,Abusive,Abusive
acct_000621,40.0,2.0,2.0,1.0,1.0,0.625,0.0,2.0,0.69,Safe,Safe,0.4498592331606256,0,Safe,Safe
acct_000622,49.0,2.0,2.0,2.0,2.0,0.98,11108.1,2.0,0.87,Safe,Potential Abuse,0.4432637214297212,0,Safe,Safe
acct_000623,50.0,1.0,3.0,1.0,1.0,1.0,0.0,2.0,0.84,Safe,Safe,0.43517737698911374,0,Safe,Safe
acct_000624,48.0,2.0,1.0,1.0,1.0,0.521,0.0,2.0,0.81,Safe,Safe,0.4578177706251029,0,Safe,Safe
acct_000625,80.0,3.0,1.0,2.0,2.0,0.525,2432.0,2.0,1.34,Safe,Potential Abuse,0.4585199751932116,0,Safe,Safe
acct_000626,64.0,1.0,2.0,1.0,1.0,1.0,0.0,3.0,1.08,Safe,Potential Abuse,0.47898921924018295,0,Safe,Safe
acct_000627,65.0,1.0,2.0,1.0,1.0,1.0,0.0,2.0,1.13,Safe,Safe,0.42718071333978047,0,Safe,Safe
acct_000628,76.0,6.0,5.0,6.0,6.0,0.474,19163.8,3.0,1.3,Potential Abuse,Potential Abuse,0.48668249754870896,2,Potential Abuse,Safe
acct_000629,24.0,1.0,1.0,1.0,1.0,1.0,0.0,1.0,0.44,Safe,Safe,0.49229563876924354,0,Safe,Safe
acct_000630,64.0,3.0,1.0,2.0,2.0,0.547,715.7,3.0,1.11,Safe,Potential Abuse,0.47276667408513023,0,Safe,Safe
acct_000631,65.0,1.0,2.0,1.0,1.0,1.0,0.0,2.0,1.09,Safe,Safe,0.42386534263580233,0,Safe,Safe
acct_000632,40.0,2.0,1.0,2.0,2.0,0.975,1177.0,2.0,0.68,Safe,Potential Abuse,0.45307886786358703,0,Safe,Safe
acct_000633,49.0,1.0,3.0,1.0,1.0,1.0,0.0,2.0,0.88,Safe,Safe,0.43695815741531496,0,Safe,Safe
acct_000634,24.0,1.0,3.0,1.0,1.0,1.0,0.0,1.0,0.41,Safe,Safe,0.49793305623420175,0,Safe,Safe
acct_000635,91.0,7.0,4.0,3.0,5.0,0.484,50080.2,3.0,1.54,Potential Abuse,Potential Abuse,0.4832177684523624,2,Potential Abuse,Safe
acct_000636,33.0,1.0,3.0,1.0,1.0,1.0,0.0,2.0,0.6,Safe,Safe,0.4347703514893952,0,Safe,Safe
acct_000637,82.0,5.0,5.0,4.0,4.0,0.537,21181.9,4.0,1.42,Potential Abuse,Potential Abuse,0.4951877433500289,2,Potential Abuse,Safe
acct_000638,66.0,3.0,2.0,2.0,2.0,0.561,1264.1,2.0,1.12,Safe,Potential Abuse,0.43757388744859077,0,Safe,Safe
acct_000639,42.0,4.0,3.0,3.0,3.0,0.571,14216.9,3.0,0.73,Potential Abuse,Potential Abuse,0.49024909009945244,2,Potential Abuse,Safe
acct_000640,89.0,5.0,6.0,4.0,4.0,0.517,7888.9,3.0,1.51,Potential Abuse,Potential Abuse,0.5043415449740154,2,Potential Abuse,Potential Abuse
acct_000641,48.0,3.0,1.0,2.0,2.0,0.521,1547.3,2.0,0.83,Safe,Potential Abuse,0.44700085124187705,0,Safe,Safe
acct_000642,64.0,1.0,1.0,1.0,1.0,1.0,0.0,2.0,1.08,Safe,Safe,0.431928120421016,0,Safe,Safe
acct_000643,24.0,2.0,1.0,1.0,1.0,0.542,0.0,2.0,0.42,Safe,Safe,0.4891086569907597,0,Safe,Safe
acct_000644,72.0,1.0,3.0,1.0,1.0,1.0,0.0,2.0,1.21,Safe,Safe,0.4501606811856873,0,Safe,Safe
acct_000645,57.0,1.0,2.0,1.0,1.0,1.0,0.0,2.0,0.99,Safe,Safe,0.41671036312851095,0,Safe,Safe
acct_000646,91.0,8.0,6.0,6.0,7.0,0.495,445755.1,3.0,1.53,Potential Abuse,Potential Abuse,0.47255777793629045,2,Potential Abuse,Safe
acct_000647,57.0,1.0,3.0,1.0,1.0,1.0,0.0,2.0,1.02,Safe,Safe,0.4356202198763833,0,Safe,Safe
acct_000648,80.0,2.0,1.0,1.0,1.0,0.525,0.0,2.0,1.38,Safe,Safe,0.49371116832341555,0,Safe,Safe
acct_000649,56.0,1.0,1.0,1.0,1.0,1.0,0.0,2.0,0.97,Safe,Safe,0.42705666846014095,0,Safe,Safe
acct_000650,24.0,2.0,1.0,1.0,1.0,0.5,0.0,1.0,0.4,Safe,Safe,0.5378318779003629,0,Safe,Potential Abuse
acct_000651,32.0,2.0,1.0,2.0,2.0,0.969,889.5,2.0,0.56,Safe,Potential Abuse,0.4756661523266431,0,Safe,Safe
acct_000652,58.0,2.0,3.0,1.0,1.0,0.517,0.0,3.0,0.98,Safe,Potential Abuse,0.4986358627156423,0,Safe,Safe
acct_000653,40.0,2.0,2.0,2.0,2.0,0.975,249.0,1.0,0.72,Safe,Potential Abuse,0.49731279238712367,0,Safe,Safe
acct_000654,72.0,2.0,1.0,1.0,1.0,0.583,0.0,3.0,1.24,Safe,Potential Abuse,0.5153629106002878,0,Safe,Potential Abuse
acct_000655,49.0,1.0,3.0,1.0,1.0,1.0,0.0,2.0,0.88,Safe,Safe,0.43695815741531496,0,Safe,Safe
acct_000656,48.0,2.0,2.0,1.0,1.0,0.542,0.0,2.0,0.81,Safe,Safe,0.44115687717163893,0,Safe,Safe
acct_000657,44.0,10.0,4.0,8.0,8.0,0.386,259781.5,3.0,0.79,Potential Abuse,Abusive,0.5318570250290648,2,Potential Abuse,Potential Abuse
acct_000658,48.0,1.0,2.0,1.0,1.0,1.0,0.0,2.0,0.81,Safe,Safe,0.41942080355614614,0,Safe,Safe
acct_000659,108.0,7.0,4.0,5.0,6.0,0.481,258939.1,4.0,1.82,Potential Abuse,Potential Abuse,0.4891185560821788,2,Potential Abuse,Safe
acct_000660,56.0,2.0,2.0,1.0,1.0,0.661,0.0,2.0,0.97,Safe,Safe,0.4547326459878009,0,Safe,Safe
acct_000661,40.0,2.0,1.0,2.0,2.0,0.975,220.3,2.0,0.69,Safe,Potential Abuse,0.45676453915210047,0,Safe,Safe
acct_000662,32.0,1.0,1.0,1.0,1.0,1.0,0.0,1.0,0.56,Safe,Safe,0.4863603341978498,0,Safe,Safe
acct_000663,64.0,1.0,1.0,1.0,1.0,1.0,0.0,2.0,1.1,Safe,Safe,0.43216001680720706,0,Safe,Safe
acct_000664,24.0,2.0,1.0,2.0,2.0,0.958,264.4,1.0,0.42,Safe,Potential Abuse,0.5478797021776683,0,Safe,Potential Abuse
acct_000665,41.0,1.0,3.0,1.0,1.0,1.0,0.0,2.0,0.71,Safe,Safe,0.43211671099759147,0,Safe,Safe
acct_000666,52.0,2.0,5.0,2.0,2.0,0.558,5546.7,3.0,0.88,Potential Abuse,Potential Abuse,0.5050711019421922,0,Safe,Potential Abuse
acct_000667,65.0,7.0,4.0,5.0,6.0,0.431,498201.1,3.0,1.13,Potential Abuse,Potential Abuse,0.4637354845484983,2,Potential Abuse,Safe
acct_000668,58.0,2.0,2.0,1.0,1.0,0.517,0.0,2.0,0.97,Safe,Safe,0.444498157493029,0,Safe,Safe
acct_000669,32.0,1.0,3.0,1.0,1.0,1.0,0.0,2.0,0.63,Safe,Safe,0.43689062557043734,0,Safe,Safe
acct_000670,50.0,4.0,3.0,4.0,4.0,0.48,21458.6,3.0,0.9,Potential Abuse,Potential Abuse,0.4824199762919204,2,Potential Abuse,Safe
acct_000671,114.0,6.0,5.0,4.0,4.0,0.298,151582.8,3.0,1.93,Potential Abuse,Potential Abuse,0.5302588185628254,2,Potential Abuse,Potential Abuse
acct_000672,73.0,1.0,3.0,1.0,1.0,1.0,0.0,3.0,1.28,Safe,Potential Abuse,0.4987899584479367,0,Safe,Safe
acct_000673,40.0,1.0,3.0,1.0,1.0,1.0,0.0,2.0,0.68,Safe,Safe,0.4310354358983827,0,Safe,Safe
acct_000674,58.0,4.0,2.0,3.0,3.0,0.483,37655.7,2.0,1.0,Safe,Potential Abuse,0.4829684727381035,2,Potential Abuse,Safe
acct_000675,127.0,7.0,4.0,5.0,6.0,0.394,226077.9,4.0,2.17,Potential Abuse,Potential Abuse,0.5199689957980249,2,Potential Abuse,Potential Abuse
acct_000676,65.0,3.0,3.0,2.0,2.0,0.508,537.4,3.0,1.12,Safe,Potential Abuse,0.46401198399499816,0,Safe,Safe
acct_000677,49.0,2.0,2.0,2.0,2.0,0.98,2934.4,2.0,0.82,Safe,Potential Abuse,0.43215032453057983,0,Safe,Safe
acct_000678,110.0,10.0,5.0,9.0,9.0,0.464,162717.7,4.0,1.86,Potential Abuse,Abusive,0.5103643328667361,2,Potential Abuse,Potential Abuse
acct_000679,65.0,3.0,2.0,2.0,2.0,0.508,1043.4,2.0,1.15,Safe,Potential Abuse,0.4438662202085711,0,Safe,Safe
acct_000680,80.0,1.0,1.0,1.0,1.0,1.0,0.0,3.0,1.39,Safe,Potential Abuse,0.5302974106122484,0,Safe,Potential Abuse
acct_000681,107.0,12.0,4.0,8.0,9.0,0.393,979263.5,4.0,1.81,Potential Abuse,Abusive,0.5216862575463994,2,Potential Abuse,Potential Abuse
acct_000682,72.0,1.0,1.0,1.0,1.0,1.0,0.0,2.0,1.26,Safe,Safe,0.45478391990306394,0,Safe,Safe
acct_000683,80.0,3.0,1.0,2.0,2.0,0.575,623.3,3.0,1.4,Safe,Potential Abuse,0.4892506632583398,0,Safe,Safe
acct_000684,40.0,2.0,3.0,1.0,1.0,0.575,0.0,2.0,0.69,Safe,Safe,0.44918623644576555,0,Safe,Safe
acct_000685,40.0,1.0,3.0,1.0,1.0,1.0,0.0,3.0,0.69,Safe,Potential Abuse,0.4948193142392001,0,Safe,Safe
acct_000686,48.0,2.0,3.0,1.0,2.0,0.979,131.5,2.0,0.86,Safe,Safe,0.4659587442148983,0,Safe,Safe
acct_000687,88.0,12.0,4.0,8.0,10.0,0.364,600997.5,3.0,1.51,Potential Abuse,Abusive,0.5226718390261699,2,Potential Abuse,Potential Abuse
acct_000688,56.0,3.0,1.0,2.0,3.0,0.964,3653.5,2.0,1.0,Safe,Potential Abuse,0.4792125230632464,0,Safe,Safe
acct_000689,81.0,2.0,2.0,1.0,1.0,0.531,0.0,2.0,1.37,Safe,Safe,0.48014447973984054,0,Safe,Safe
acct_000690,80.0,2.0,1.0,1.0,1.0,0.512,0.0,2.0,1.34,Safe,Safe,0.4926294144037791,0,Safe,Safe
acct_000691,197.0,73.0,12.0,16.0,20.0,0.147,770380.9,10.0,3.34,Abusive,Abusive,0.6161840345341889,1,Abusive,Abusive
acct_000692,106.0,9.0,6.0,7.0,7.0,0.472,76203.5,3.0,1.79,Potential Abuse,Potential Abuse,0.4965961901980675,2,Potential Abuse,Safe
acct_000693,110.0,8.0,4.0,4.0,6.0,0.545,45268.9,3.0,1.89,Potential Abuse,Potential Abuse,0.5057742969877911,2,Potential Abuse,Potential Abuse
acct_000694,69.0,6.0,3.0,4.0,4.0,0.478,28253.0,3.0,1.17,Potential Abuse,Potential Abuse,0.4667216453413217,2,Potential Abuse,Safe
acct_000695,135.0,9.0,6.0,8.0,8.0,0.474,300738.6,4.0,2.26,Potential Abuse,Abusive,0.5244429350216379,2,Potential Abuse,Potential Abuse
acct_000696,56.0,1.0,1.0,1.0,1.0,1.0,0.0,2.0,0.97,Safe,Safe,0.42705666846014095,0,Safe,Safe
acct_000697,78.0,7.0,3.0,6.0,7.0,0.564,385577.2,4.0,1.35,Potential Abuse,Potential Abuse,0.4917232457278028,2,Potential Abuse,Safe
acct_000698,123.0,10.0,4.0,6.0,6.0,0.569,812122.1,4.0,2.15,Potential Abuse,Potential Abuse,0.516142823118737,2,Potential Abuse,Potential Abuse
acct_000699,56.0,1.0,3.0,1.0,1.0,1.0,0.0,2.0,0.95,Safe,Safe,0.43386475612313324,0,Safe,Safe
acct_000700,24.0,1.0,1.0,1.0,1.0,1.0,0.0,2.0,0.41,Safe,Safe,0.47242345049264045,0,Safe,Safe
acct_000701,93.0,5.0,4.0,4.0,4.0,0.441,28773.7,3.0,1.57,Potential Abuse,Potential Abuse,0.4880886836563989,2,Potential Abuse,Safe
acct_000702,72.0,2.0,2.0,2.0,2.0,0.986,2204.3,2.0,1.23,Safe,Potential Abuse,0.4369766676076268,0,Safe,Safe
acct_000703,48.0,2.0,1.0,1.0,1.0,0.521,0.0,2.0,0.85,Safe,Safe,0.4581071443158987,0,Safe,Safe
acct_000704,72.0,2.0,1.0,2.0,2.0,0.986,949.4,2.0,1.23,Safe,Potential Abuse,0.4420782898465971,0,Safe,Safe
acct_000705,24.0,2.0,3.0,2.0,2.0,0.958,72.7,1.0,0.41,Safe,Potential Abuse,0.5425123047772287,0,Safe,Potential Abuse
acct_000706,354.0,110.0,8.0,16.0,20.0,0.113,871458.7,10.0,5.91,Abusive,Abusive,0.6092454453099829,1,Abusive,Abusive
acct_000707,49.0,1.0,2.0,1.0,1.0,1.0,0.0,3.0,0.93,Safe,Potential Abuse,0.4829022269931509,0,Safe,Safe
acct_000708,48.0,3.0,1.0,3.0,3.0,0.958,724.3,2.0,0.87,Safe,Potential Abuse,0.4928669939494603,0,Safe,Safe
acct_000709,32.0,2.0,3.0,2.0,2.0,0.969,421.0,2.0,0.56,Safe,Potential Abuse,0.46692227093137484,0,Safe,Safe
acct_000710,72.0,5.0,6.0,3.0,3.0,0.5,68899.4,4.0,1.26,Potential Abuse,Potential Abuse,0.5182056406033354,2,Potential Abuse,Potential Abuse
acct_000711,73.0,3.0,2.0,2.0,2.0,0.562,85.3,2.0,1.22,Safe,Potential Abuse,0.46301651714940906,0,Safe,Safe
acct_000712,87.0,9.0,5.0,7.0,8.0,0.46,414210.5,4.0,1.47,Potential Abuse,Potential Abuse,0.47980685555427405,2,Potential Abuse,Safe
acct_000713,363.0,124.0,9.0,16.0,20.0,0.187,1017629.8,12.0,6.06,Abusive,Abusive,0.6458565988766575,1,Abusive,Abusive
acct_000714,49.0,2.0,3.0,2.0,2.0,0.98,3572.1,3.0,0.84,Safe,Potential Abuse,0.47930241288381364,0,Safe,Safe
acct_000715,57.0,3.0,3.0,2.0,2.0,0.509,1528.2,2.0,0.96,Safe,Potential Abuse,0.4410087961730177,0,Safe,Safe
acct_000716,71.0,6.0,5.0,5.0,6.0,0.507,121066.8,3.0,1.22,Potential Abuse,Potential Abuse,0.4593649594027751,2,Potential Abuse,Safe
acct_000717,24.0,2.0,2.0,2.0,2.0,0.958,939.8,2.0,0.45,Safe,Potential Abuse,0.4919429741039977,0,Safe,Safe
acct_000718,64.0,7.0,6.0,5.0,5.0,0.281,11875.4,3.0,1.1,Potential Abuse,Potential Abuse,0.5269198621721436,2,Potential Abuse,Potential Abuse
acct_000719,177.0,57.0,15.0,15.0,18.0,0.181,803430.4,7.0,2.98,Abusive,Abusive,0.651554263150376,1,Abusive,Abusive
acct_000720,41.0,2.0,2.0,2.0,2.0,0.976,40334.2,2.0,0.71,Safe,Potential Abuse,0.476285243407303,0,Safe,Safe
acct_000721,80.0,1.0,3.0,1.0,1.0,1.0,0.0,2.0,1.36,Safe,Safe,0.4758821586874115,0,Safe,Safe
acct_000722,24.0,1.0,1.0,1.0,1.0,1.0,0.0,1.0,0.43,Safe,Safe,0.4927256918995872,0,Safe,Safe
acct_000723,33.0,2.0,3.0,1.0,1.0,0.545,0.0,2.0,0.6,Safe,Safe,0.46011136435751254,0,Safe,Safe
acct_000724,65.0,1.0,2.0,1.0,1.0,1.0,0.0,2.0,1.1,Safe,Safe,0.4235565371818178,0,Safe,Safe
acct_000725,32.0,3.0,1.0,1.0,1.0,0.531,0.0,1.0,0.56,Safe,Potential Abuse,0.5350073994995551,0,Safe,Potential Abuse
acct_000726,41.0,2.0,3.0,1.0,1.0,0.512,0.0,2.0,0.73,Safe,Safe,0.45921268184941044,0,Safe,Safe
acct_000727,80.0,1.0,1.0,1.0,1.0,1.0,0.0,2.0,1.36,Safe,Safe,0.47840000058056564,0,Safe,Safe
acct_000728,40.0,2.0,1.0,2.0,2.0,0.975,538.3,2.0,0.68,Safe,Potential Abuse,0.4532702841436063,0,Safe,Safe
acct_000729,48.0,2.0,1.0,1.0,1.0,0.583,0.0,2.0,0.83,Safe,Safe,0.4554982719826121,0,Safe,Safe
acct_000730,115.0,11.0,5.0,7.0,9.0,0.304,99749.0,3.0,1.94,Potential Abuse,Potential Abuse,0.5263799560444248,2,Potential Abuse,Potential Abuse
acct_000731,95.0,9.0,5.0,5.0,8.0,0.505,904311.7,3.0,1.6,Potential Abuse,Potential Abuse,0.4875182651067877,2,Potential Abuse,Safe
acct_000732,49.0,2.0,2.0,1.0,1.0,0.653,0.0,2.0,0.82,Safe,Safe,0.45425154451709343,0,Safe,Safe
acct_000733,80.0,1.0,3.0,1.0,1.0,1.0,0.0,2.0,1.37,Safe,Safe,0.47877245185628403,0,Safe,Safe
acct_000734,225.0,67.0,8.0,15.0,19.0,0.164,892552.8,11.0,3.84,Abusive,Abusive,0.6323796769915836,1,Abusive,Abusive
acct_000735,81.0,2.0,3.0,1.0,1.0,0.519,0.0,2.0,1.37,Safe,Safe,0.4909966840773805,0,Safe,Safe
acct_000736,132.0,14.0,4.0,8.0,10.0,0.462,1017629.8,3.0,2.25,Potential Abuse,Abusive,0.5548515217419082,2,Potential Abuse,Potential Abuse
acct_000737,114.0,10.0,5.0,6.0,6.0,0.263,99613.5,3.0,1.94,Potential Abuse,Potential Abuse,0.5224508242265752,2,Potential Abuse,Potential Abuse
acct_000738,24.0,1.0,1.0,1.0,1.0,1.0,0.0,2.0,0.45,Safe,Safe,0.46364432512712644,0,Safe,Safe
acct_000739,213.0,77.0,12.0,16.0,19.0,0.075,1000465.4,7.0,3.61,Abusive,Abusive,0.6057045609582036,1,Abusive,Abusive
acct_000740,58.0,1.0,3.0,1.0,1.0,1.0,0.0,2.0,1.0,Safe,Safe,0.43552644638441773,0,Safe,Safe
acct_000741,59.0,7.0,6.0,5.0,5.0,0.508,530539.6,3.0,0.99,Potential Abuse,Potential Abuse,0.47637541399589867,2,Potential Abuse,Safe
acct_000742,24.0,2.0,3.0,1.0,1.0,0.625,0.0,1.0,0.46,Safe,Safe,0.51962130384361,0,Safe,Potential Abuse
acct_000743,24.0,1.0,2.0,1.0,1.0,1.0,0.0,1.0,0.49,Safe,Safe,0.48745412371253294,0,Safe,Safe
acct_000744,32.0,2.0,2.0,2.0,2.0,0.969,287.4,2.0,0.61,Safe,Potential Abuse,0.46097642942949874,0,Safe,Safe
acct_000745,73.0,2.0,3.0,1.0,1.0,0.521,0.0,3.0,1.23,Safe,Potential Abuse,0.5031946694068586,0,Safe,Potential Abuse
acct_000746,81.0,5.0,3.0,5.0,5.0,0.951,9900.9,4.0,1.42,Safe,Potential Abuse,0.5395443879045477,2,Potential Abuse,Potential Abuse
acct_000747,48.0,1.0,2.0,1.0,1.0,1.0,0.0,1.0,0.82,Safe,Safe,0.48425787745973875,0,Safe,Safe
acct_000748,72.0,3.0,1.0,2.0,2.0,0.556,970.5,2.0,1.23,Safe,Potential Abuse,0.44792028180293925,0,Safe,Safe
acct_000749,72.0,2.0,2.0,2.0,2.0,0.986,3945.0,2.0,1.22,Safe,Potential Abuse,0.44030307372080324,0,Safe,Safe
acct_000750,101.0,8.0,4.0,6.0,6.0,0.495,114058.6,5.0,1.71,Potential Abuse,Potential Abuse,0.5102412022246327,2,Potential Abuse,Potential Abuse
acct_000751,114.0,8.0,3.0,8.0,8.0,0.474,8747.6,4.0,1.94,Potential Abuse,Abusive,0.5421833043168311,2,Potential Abuse,Potential Abuse
acct_000752,57.0,1.0,2.0,1.0,1.0,1.0,0.0,2.0,0.98,Safe,Safe,0.4160796872423576,0,Safe,Safe
acct_000753,83.0,9.0,3.0,6.0,7.0,0.434,839470.9,3.0,1.41,Potential Abuse,Potential Abuse,0.483854898705417,2,Potential Abuse,Safe
acct_000754,72.0,1.0,3.0,1.0,1.0,1.0,0.0,2.0,1.21,Safe,Safe,0.4501606811856873,0,Safe,Safe
acct_000755,321.0,100.0,10.0,16.0,20.0,0.193,979263.5,8.0,5.37,Abusive,Abusive,0.58317093567301,1,Abusive,Abusive
acct_000756,73.0,3.0,5.0,3.0,3.0,0.548,307586.0,3.0,1.24,Potential Abuse,Potential Abuse,0.49859821111337477,2,Potential Abuse,Safe
acct_000757,116.0,7.0,5.0,7.0,7.0,0.483,733570.6,3.0,1.98,Potential Abuse,Potential Abuse,0.4968258863786323,2,Potential Abuse,Safe
acct_000758,48.0,2.0,2.0,2.0,2.0,0.979,227584.3,2.0,0.94,Safe,Potential Abuse,0.4869981778370227,0,Safe,Safe
acct_000759,72.0,1.0,1.0,1.0,1.0,1.0,0.0,2.0,1.25,Safe,Safe,0.4538381180707371,0,Safe,Safe
acct_000760,32.0,1.0,2.0,1.0,1.0,1.0,0.0,1.0,0.55,Safe,Safe,0.4798039451090498,0,Safe,Safe
acct_000761,93.0,10.0,5.0,6.0,8.0,0.505,407812.7,3.0,1.57,Potential Abuse,Potential Abuse,0.4773631664017807,2,Potential Abuse,Safe
acct_000762,77.0,7.0,6.0,7.0,7.0,0.519,435570.2,3.0,1.33,Potential Abuse,Potential Abuse,0.48526524723658504,2,Potential Abuse,Safe
acct_000763,24.0,1.0,3.0,1.0,1.0,1.0,0.0,1.0,0.42,Safe,Safe,0.4942475518232648,0,Safe,Safe
acct_000764,74.0,2.0,3.0,1.0,1.0,0.554,0.0,3.0,1.26,Safe,Potential Abuse,0.506984795101303,0,Safe,Potential Abuse
acct_000765,24.0,4.0,3.0,3.0,4.0,0.875,861.9,1.0,0.42,Safe,Potential Abuse,0.5825367788473952,0,Safe,Abusive
acct_000766,67.0,8.0,4.0,6.0,6.0,0.582,615601.2,5.0,1.16,Potential Abuse,Potential Abuse,0.5172991117580045,2,Potential Abuse,Potential Abuse
acct_000767,24.0,1.0,3.0,1.0,1.0,1.0,0.0,2.0,0.43,Safe,Safe,0.45659527870720695,0,Safe,Safe
acct_000768,42.0,2.0,2.0,2.0,2.0,0.976,195.2,2.0,0.75,Safe,Potential Abuse,0.4399409844969909,0,Safe,Safe
acct_000769,56.0,2.0,3.0,2.0,2.0,0.982,56.7,2.0,0.95,Safe,Potential Abuse,0.45187915228151027,0,Safe,Safe
acct_000770,64.0,3.0,2.0,2.0,2.0,0.969,3522.3,2.0,1.09,Safe,Potential Abuse,0.4505528986437863,0,Safe,Safe
acct_000771,40.0,2.0,1.0,1.0,1.0,0.55,0.0,2.0,0.68,Safe,Safe,0.4579462885411452,0,Safe,Safe
acct_000772,80.0,1.0,3.0,1.0,1.0,1.0,0.0,2.0,1.34,Safe,Safe,0.4717044796371033,0,Safe,Safe
acct_000773,56.0,1.0,1.0,1.0,1.0,1.0,0.0,2.0,0.96,Safe,Safe,0.42788635835778727,0,Safe,Safe
acct_000774,81.0,3.0,2.0,2.0,2.0,0.531,698.7,3.0,1.36,Safe,Potential Abuse,0.47072093636819795,0,Safe,Safe
acct_000775,56.0,3.0,1.0,2.0,2.0,0.571,981.3,3.0,0.95,Safe,Potential Abuse,0.4800634779659289,0,Safe,Safe
acct_000776,40.0,2.0,1.0,1.0,1.0,0.525,0.0,2.0,0.68,Safe,Safe,0.45980476621070343,0,Safe,Safe
acct_000777,57.0,3.0,2.0,3.0,3.0,0.965,490.8,2.0,0.96,Safe,Potential Abuse,0.4806077193574185,0,Safe,Safe
acct_000778,65.0,3.0,2.0,2.0,2.0,0.538,823.7,2.0,1.13,Safe,Potential Abuse,0.4376272504655652,0,Safe,Safe
acct_000779,56.0,2.0,3.0,2.0,2.0,0.982,54.6,2.0,0.95,Safe,Potential Abuse,0.4527254292683484,0,Safe,Safe
acct_000780,80.0,3.0,1.0,3.0,3.0,0.975,78492.1,2.0,1.35,Safe,Potential Abuse,0.5229747610577172,0,Safe,Potential Abuse
acct_000781,24.0,2.0,2.0,2.0,2.0,0.958,2146.9,2.0,0.41,Safe,Potential Abuse,0.4982896288139069,0,Safe,Safe
acct_000782,42.0,4.0,4.0,4.0,4.0,0.5,1989.6,2.0,0.72,Potential Abuse,Potential Abuse,0.5078476699065719,2,Potential Abuse,Potential Abuse
acct_000783,80.0,2.0,1.0,2.0,2.0,0.988,6130.7,3.0,1.37,Safe,Potential Abuse,0.4902147445426879,0,Safe,Safe
acct_000784,33.0,1.0,2.0,1.0,1.0,1.0,0.0,2.0,0.58,Safe,Safe,0.42975977845410473,0,Safe,Safe
acct_000785,24.0,3.0,3.0,2.0,2.0,0.667,839.1,2.0,0.43,Safe,Potential Abuse,0.5017837041407925,0,Safe,Potential Abuse
acct_000786,305.0,86.0,7.0,16.0,20.0,0.21,979263.5,7.0,5.17,Abusive,Abusive,0.591265716799271,1,Abusive,Abusive
acct_000787,25.0,2.0,2.0,1.0,1.0,0.56,0.0,2.0,0.42,Safe,Safe,0.47806794026103633,0,Safe,Safe
acct_000788,80.0,2.0,1.0,2.0,2.0,0.988,23356.5,2.0,1.34,Safe,Potential Abuse,0.48031207305806073,0,Safe,Safe
acct_000789,109.0,5.0,4.0,4.0,4.0,0.532,91962.5,5.0,1.83,Potential Abuse,Potential Abuse,0.538418314430122,2,Potential Abuse,Potential Abuse
acct_000790,32.0,3.0,1.0,2.0,2.0,0.531,84.8,1.0,0.54,Safe,Potential Abuse,0.5336662694547822,0,Safe,Potential Abuse
acct_000791,40.0,1.0,3.0,1.0,1.0,1.0,0.0,2.0,0.68,Safe,Safe,0.4310354358983827,0,Safe,Safe
acct_000792,105.0,6.0,6.0,4.0,4.0,0.295,47942.5,3.0,1.77,Potential Abuse,Potential Abuse,0.5386723563941219,2,Potential Abuse,Potential Abuse
acct_000793,135.0,14.0,6.0,7.0,9.0,0.274,594977.9,3.0,2.25,Potential Abuse,Potential Abuse,0.566251763106864,2,Potential Abuse,Potential Abuse
acct_000794,133.0,11.0,5.0,7.0,7.0,0.278,162300.3,4.0,2.23,Potential Abuse,Potential Abuse,0.5390993231046347,2,Potential Abuse,Potential Abuse
acct_000795,56.0,2.0,2.0,2.0,2.0,0.982,5130.2,2.0,0.96,Safe,Potential Abuse,0.4329230991888167,0,Safe,Safe
acct_000796,82.0,2.0,2.0,2.0,2.0,0.988,9098.4,3.0,1.41,Safe,Potential Abuse,0.49147530266933465,0,Safe,Safe
acct_000797,35.0,2.0,3.0,2.0,2.0,0.971,3339.4,2.0,0.67,Safe,Potential Abuse,0.46278532653324084,0,Safe,Safe
acct_000798,57.0,7.0,6.0,6.0,6.0,0.404,423629.3,3.0,1.01,Potential Abuse,Potential Abuse,0.49205147523325027,2,Potential Abuse,Safe
acct_000799,102.0,12.0,3.0,7.0,9.0,0.5,284922.0,3.0,1.73,Potential Abuse,Potential Abuse,0.5084534908326838,2,Potential Abuse,Potential Abuse
acct_000800,58.0,1.0,3.0,1.0,1.0,1.0,0.0,2.0,0.99,Safe,Safe,0.43478499221532363,0,Safe,Safe
acct_000801,64.0,1.0,1.0,1.0,1.0,1.0,0.0,3.0,1.08,Safe,Potential Abuse,0.4938643548295253,0,Safe,Safe
acct_000802,49.0,2.0,2.0,1.0,1.0,0.51,0.0,3.0,0.86,Safe,Potential Abuse,0.4981614642832267,0,Safe,Safe
acct_000803,82.0,4.0,2.0,2.0,2.0,0.561,774.7,2.0,1.48,Safe,Potential Abuse,0.4810948058028359,0,Safe,Safe
acct_000804,208.0,67.0,12.0,16.0,17.0,0.13,865158.8,8.0,3.49,Abusive,Abusive,0.6130341018303974,1,Abusive,Abusive
acct_000805,86.0,10.0,5.0,7.0,8.0,0.442,85597.9,4.0,1.45,Potential Abuse,Potential Abuse,0.49254179017036853,2,Potential Abuse,Safe
acct_000806,73.0,1.0,2.0,1.0,1.0,1.0,0.0,3.0,1.27,Safe,Potential Abuse,0.49103037844592606,0,Safe,Safe
acct_000807,64.0,3.0,4.0,2.0,2.0,0.469,3832.0,3.0,1.07,Potential Abuse,Potential Abuse,0.4821995668999188,2,Potential Abuse,Safe
acct_000808,72.0,2.0,3.0,2.0,2.0,0.986,603.5,2.0,1.22,Safe,Potential Abuse,0.4385741099608343,0,Safe,Safe
acct_000809,25.0,2.0,2.0,1.0,1.0,0.52,0.0,2.0,0.43,Safe,Safe,0.47896582903295426,0,Safe,Safe
acct_000810,58.0,2.0,2.0,2.0,2.0,0.983,432579.4,2.0,0.98,Safe,Potential Abuse,0.4887602605750203,0,Safe,Safe
acct_000811,40.0,2.0,2.0,1.0,1.0,0.55,0.0,2.0,0.7,Safe,Safe,0.4428072093930541,0,Safe,Safe
acct_000812,24.0,2.0,1.0,1.0,1.0,0.583,0.0,3.0,0.45,Safe,Potential Abuse,0.533200699438015,0,Safe,Potential Abuse
acct_000813,24.0,2.0,3.0,1.0,1.0,0.5,0.0,2.0,0.43,Safe,Safe,0.49332382988682877,0,Safe,Safe
acct_000814,56.0,1.0,1.0,1.0,1.0,1.0,0.0,2.0,0.99,Safe,Safe,0.42817555313650496,0,Safe,Safe
acct_000815,73.0,2.0,2.0,2.0,2.0,0.986,1892.5,3.0,1.26,Safe,Potential Abuse,0.469278202002277,0,Safe,Safe
acct_000816,33.0,1.0,2.0,1.0,1.0,1.0,0.0,3.0,0.59,Safe,Potential Abuse,0.4940811385571519,0,Safe,Safe
acct_000817,64.0,1.0,2.0,1.0,1.0,1.0,0.0,2.0,1.09,Safe,Safe,0.42297094926955875,0,Safe,Safe
acct_000818,33.0,1.0,3.0,1.0,1.0,1.0,0.0,3.0,0.58,Safe,Potential Abuse,0.4975830756808876,0,Safe,Safe
acct_000819,74.0,1.0,2.0,1.0,1.0,1.0,0.0,2.0,1.26,Safe,Safe,0.4445774119343835,0,Safe,Safe
acct_000820,101.0,14.0,6.0,8.0,9.0,0.396,803430.4,4.0,1.71,Potential Abuse,Abusive,0.534121609251206,2,Potential Abuse,Potential Abuse
acct_000821,81.0,2.0,2.0,1.0,1.0,0.519,0.0,2.0,1.37,Safe,Safe,0.4820574051053803,0,Safe,Safe
acct_000822,32.0,1.0,3.0,1.0,1.0,1.0,0.0,1.0,0.56,Safe,Safe,0.4838949022577242,0,Safe,Safe
acct_000823,48.0,2.0,1.0,2.0,2.0,0.979,3956.0,2.0,0.83,Safe,Potential Abuse,0.44364003870659685,0,Safe,Safe
acct_000824,40.0,1.0,1.0,1.0,1.0,1.0,0.0,1.0,0.78,Safe,Safe,0.49788916996299315,0,Safe,Safe
acct_000825,64.0,2.0,1.0,2.0,2.0,0.984,677.1,2.0,1.17,Safe,Potential Abuse,0.4381227223404249,0,Safe,Safe
acct_000826,82.0,2.0,3.0,2.0,2.0,0.988,1983.6,3.0,1.41,Safe,Potential Abuse,0.4853651376980647,0,Safe,Safe
acct_000827,44.0,8.0,6.0,5.0,5.0,0.455,778370.9,3.0,0.75,Potential Abuse,Potential Abuse,0.5134579776171062,2,Potential Abuse,Potential Abuse
acct_000828,66.0,1.0,3.0,1.0,1.0,1.0,0.0,2.0,1.11,Safe,Safe,0.4394180546811473,0,Safe,Safe
acct_000829,81.0,1.0,2.0,1.0,1.0,1.0,0.0,2.0,1.4,Safe,Safe,0.4750807608291071,0,Safe,Safe
acct_000830,66.0,1.0,3.0,1.0,1.0,1.0,0.0,2.0,1.13,Safe,Safe,0.44063442193513347,0,Safe,Safe
acct_000831,316.0,98.0,9.0,15.0,19.0,0.104,1017629.8,8.0,5.29,Abusive,Abusive,0.6324860576969898,1,Abusive,Abusive
acct_000832,108.0,11.0,5.0,7.0,8.0,0.5,594382.4,3.0,1.82,Potential Abuse,Potential Abuse,0.49252069850885233,2,Potential Abuse,Safe
acct_000833,24.0,2.0,3.0,1.0,1.0,0.542,0.0,1.0,0.43,Safe,Safe,0.51886680479471,0,Safe,Potential Abuse
acct_000834,48.0,2.0,1.0,2.0,2.0,0.979,256.0,2.0,0.81,Safe,Potential Abuse,0.44321459975925326,0,Safe,Safe
acct_000835,122.0,10.0,3.0,8.0,9.0,0.418,71199.1,3.0,2.09,Potential Abuse,Abusive,0.5241292485933735,2,Potential Abuse,Potential Abuse
acct_000836,59.0,6.0,5.0,6.0,6.0,0.475,959220.5,4.0,1.02,Potential Abuse,Potential Abuse,0.4970782710525832,2,Potential Abuse,Safe
acct_000837,74.0,2.0,2.0,1.0,1.0,0.514,0.0,3.0,1.27,Safe,Potential Abuse,0.5057396502419579,0,Safe,Potential Abuse
acct_000838,82.0,3.0,3.0,2.0,2.0,0.524,686.4,2.0,1.38,Safe,Potential Abuse,0.46028372419875996,0,Safe,Safe
acct_000839,124.0,10.0,4.0,6.0,7.0,0.476,437549.2,4.0,2.11,Potential Abuse,Potential Abuse,0.49228290647571166,2,Potential Abuse,Safe
acct_000840,126.0,8.0,3.0,6.0,6.0,0.587,532122.4,4.0,2.11,Potential Abuse,Potential Abuse,0.5188878991168413,2,Potential Abuse,Potential Abuse
acct_000841,24.0,1.0,1.0,1.0,1.0,1.0,0.0,1.0,0.43,Safe,Safe,0.4927256918995872,0,Safe,Safe
acct_000842,48.0,3.0,3.0,2.0,2.0,0.5,30308.2,2.0,0.83,Safe,Potential Abuse,0.4633094468600817,0,Safe,Safe
acct_000843,40.0,2.0,1.0,2.0,2.0,0.975,11.0,2.0,0.7,Safe,Potential Abuse,0.47815892411415384,0,Safe,Safe
acct_000844,56.0,1.0,2.0,1.0,1.0,1.0,0.0,3.0,1.01,Safe,Potential Abuse,0.4792430971640496,0,Safe,Safe
acct_000845,81.0,1.0,3.0,1.0,1.0,1.0,0.0,2.0,1.37,Safe,Safe,0.4814130909067787,0,Safe,Safe
acct_000846,107.0,6.0,6.0,5.0,6.0,0.542,225957.8,3.0,1.81,Potential Abuse,Potential Abuse,0.501276779900574,2,Potential Abuse,Potential Abuse
acct_000847,128.0,12.0,4.0,9.0,9.0,0.523,122845.3,3.0,2.16,Potential Abuse,Abusive,0.5370551129919675,2,Potential Abuse,Potential Abuse
acct_000848,49.0,2.0,3.0,2.0,2.0,0.98,486.8,2.0,0.85,Safe,Potential Abuse,0.43092775867878685,0,Safe,Safe
acct_000849,127.0,9.0,4.0,6.0,7.0,0.488,96128.8,3.0,2.22,Potential Abuse,Potential Abuse,0.500292168825663,2,Potential Abuse,Safe
acct_000850,132.0,13.0,3.0,8.0,9.0,0.47,771154.4,4.0,2.24,Potential Abuse,Abusive,0.5435327039035364,2,Potential Abuse,Potential Abuse
acct_000851,48.0,2.0,2.0,1.0,1.0,0.604,0.0,2.0,0.82,Safe,Safe,0.4437080936905521,0,Safe,Safe
acct_000852,25.0,1.0,2.0,1.0,1.0,1.0,0.0,2.0,0.49,Safe,Safe,0.4481234204253434,0,Safe,Safe
acct_000853,349.0,103.0,14.0,16.0,20.0,0.178,1000465.4,12.0,5.83,Abusive,Abusive,0.6493061168592157,1,Abusive,Abusive
acct_000854,81.0,1.0,2.0,1.0,1.0,1.0,0.0,2.0,1.36,Safe,Safe,0.4672923977422308,0,Safe,Safe
acct_000855,65.0,3.0,3.0,3.0,3.0,0.969,2148.4,3.0,1.12,Safe,Potential Abuse,0.48948796909652376,0,Safe,Safe
acct_000856,24.0,3.0,2.0,3.0,3.0,0.917,757.9,2.0,0.43,Safe,Potential Abuse,0.5372930360588029,0,Safe,Potential Abuse
acct_000857,122.0,7.0,6.0,6.0,7.0,0.508,529163.6,3.0,2.06,Potential Abuse,Potential Abuse,0.5095457256863735,2,Potential Abuse,Potential Abuse
acct_000858,57.0,1.0,2.0,1.0,1.0,1.0,0.0,2.0,0.96,Safe,Safe,0.41587128332631224,0,Safe,Safe
acct_000859,41.0,1.0,2.0,1.0,1.0,1.0,0.0,2.0,0.76,Safe,Safe,0.42252991698634496,0,Safe,Safe
acct_000860,32.0,1.0,2.0,1.0,1.0,1.0,0.0,1.0,0.54,Safe,Safe,0.47935135372005716,0,Safe,Safe
acct_000861,25.0,2.0,2.0,1.0,1.0,0.6,0.0,2.0,0.44,Safe,Safe,0.4780565905367531,0,Safe,Safe
acct_000862,56.0,3.0,1.0,3.0,3.0,0.964,4434.9,3.0,0.95,Safe,Potential Abuse,0.5145531288492897,0,Safe,Potential Abuse
acct_000863,124.0,11.0,3.0,7.0,8.0,0.444,70166.2,4.0,2.11,Potential Abuse,Potential Abuse,0.5151955528094845,2,Potential Abuse,Potential Abuse
acct_000864,56.0,4.0,6.0,4.0,4.0,0.536,668591.8,3.0,0.96,Potential Abuse,Potential Abuse,0.5006288036154045,2,Potential Abuse,Safe
acct_000865,340.0,101.0,15.0,16.0,20.0,0.103,938722.4,8.0,5.79,Abusive,Abusive,0.6302274144059699,1,Abusive,Abusive
acct_000866,91.0,6.0,5.0,3.0,3.0,0.56,22653.7,3.0,1.53,Potential Abuse,Potential Abuse,0.5054469426668375,2,Potential Abuse,Potential Abuse
acct_000867,33.0,1.0,3.0,1.0,1.0,1.0,0.0,2.0,0.61,Safe,Safe,0.43572283430499303,0,Safe,Safe
acct_000868,81.0,2.0,3.0,2.0,2.0,0.988,190.6,2.0,1.39,Safe,Potential Abuse,0.46456953126949485,0,Safe,Safe
acct_000869,24.0,2.0,1.0,1.0,1.0,0.5,0.0,1.0,0.46,Safe,Safe,0.5320303653469014,0,Safe,Potential Abuse
acct_000870,86.0,10.0,4.0,7.0,8.0,0.453,154806.3,3.0,1.47,Potential Abuse,Potential Abuse,0.48043143051139553,2,Potential Abuse,Safe
acct_000871,67.0,9.0,6.0,6.0,7.0,0.463,560949.7,4.0,1.2,Potential Abuse,Potential Abuse,0.49390642169949406,2,Potential Abuse,Safe
acct_000872,81.0,2.0,3.0,2.0,2.0,0.988,678.3,3.0,1.36,Safe,Potential Abuse,0.4777585389051795,0,Safe,Safe
acct_000873,24.0,1.0,3.0,1.0,1.0,1.0,0.0,2.0,0.5,Safe,Safe,0.45244306405020757,0,Safe,Safe
acct_000874,53.0,8.0,3.0,5.0,5.0,0.245,94893.6,3.0,0.9,Potential Abuse,Potential Abuse,0.5204972590283761,2,Potential Abuse,Potential Abuse
acct_000875,56.0,2.0,1.0,2.0,2.0,0.982,344.9,2.0,0.98,Safe,Potential Abuse,0.4382565304076095,0,Safe,Safe
acct_000876,40.0,1.0,1.0,1.0,1.0,1.0,0.0,2.0,0.69,Safe,Safe,0.4295855335661419,0,Safe,Safe
acct_000877,91.0,8.0,3.0,7.0,7.0,0.538,272565.3,3.0,1.54,Potential Abuse,Potential Abuse,0.4779898718835693,2,Potential Abuse,Safe
acct_000878,65.0,3.0,3.0,3.0,3.0,0.969,2315.0,2.0,1.13,Safe,Potential Abuse,0.47419396040225126,0,Safe,Safe
acct_000879,75.0,4.0,2.0,2.0,2.0,0.52,3220.1,3.0,1.28,Safe,Potential Abuse,0.48082187570826335,0,Safe,Safe
acct_000880,82.0,1.0,2.0,1.0,1.0,1.0,0.0,2.0,1.38,Safe,Safe,0.47474164411452496,0,Safe,Safe
acct_000881,48.0,1.0,2.0,1.0,1.0,1.0,0.0,2.0,0.81,Safe,Safe,0.41942080355614614,0,Safe,Safe
acct_000882,114.0,14.0,3.0,9.0,11.0,0.474,93062.8,3.0,1.94,Potential Abuse,Abusive,0.5455240252028454,2,Potential Abuse,Potential Abuse
acct_000883,40.0,2.0,3.0,1.0,1.0,0.525,0.0,2.0,0.67,Safe,Safe,0.45215491604276703,0,Safe,Safe
acct_000884,25.0,2.0,2.0,2.0,2.0,0.96,51.9,2.0,0.44,Safe,Potential Abuse,0.5107178795214554,0,Safe,Potential Abuse
acct_000885,80.0,2.0,1.0,2.0,2.0,0.988,1671.9,2.0,1.35,Safe,Potential Abuse,0.45323869000057243,0,Safe,Safe
acct_000886,235.0,71.0,14.0,16.0,20.0,0.17,934056.1,7.0,4.0,Abusive,Abusive,0.5950819827315371,1,Abusive,Abusive
acct_000887,50.0,2.0,2.0,2.0,2.0,0.98,1208.6,2.0,0.9,Safe,Potential Abuse,0.4271801299038926,0,Safe,Safe
acct_000888,32.0,2.0,1.0,1.0,1.0,0.5,0.0,2.0,0.57,Safe,Safe,0.4802523957451516,0,Safe,Safe
acct_000889,48.0,1.0,3.0,1.0,1.0,1.0,0.0,2.0,0.85,Safe,Safe,0.4345839932856825,0,Safe,Safe
acct_000890,121.0,9.0,6.0,7.0,8.0,0.438,52581.6,4.0,2.06,Potential Abuse,Potential Abuse,0.5244161054267076,2,Potential Abuse,Potential Abuse
acct_000891,56.0,1.0,2.0,1.0,1.0,1.0,0.0,2.0,0.95,Safe,Safe,0.4160271382051602,0,Safe,Safe
acct_000892,42.0,1.0,3.0,1.0,1.0,1.0,0.0,2.0,0.74,Safe,Safe,0.4359958167318528,0,Safe,Safe
acct_000893,72.0,2.0,3.0,2.0,2.0,0.986,301.5,2.0,1.25,Safe,Potential Abuse,0.4443969047161646,0,Safe,Safe
acct_000894,64.0,1.0,3.0,1.0,1.0,1.0,0.0,2.0,1.2,Safe,Safe,0.44277490356025956,0,Safe,Safe
acct_000895,24.0,1.0,1.0,1.0,1.0,1.0,0.0,1.0,0.41,Safe,Safe,0.4998018059932209,0,Safe,Safe
acct_000896,130.0,10.0,6.0,7.0,7.0,0.469,797944.1,5.0,2.21,Potential Abuse,Potential Abuse,0.5455764813779247,2,Potential Abuse,Potential Abuse
acct_000897,83.0,1.0,2.0,1.0,1.0,1.0,0.0,2.0,1.45,Safe,Safe,0.4897587589546152,0,Safe,Safe
acct_000898,72.0,2.0,2.0,2.0,2.0,0.986,891.7,2.0,1.2,Safe,Potential Abuse,0.43538388641509684,0,Safe,Safe
acct_000899,34.0,2.0,3.0,2.0,2.0,0.971,159.6,2.0,0.6,Safe,Potential Abuse,0.46600081337878574,0,Safe,Safe
acct_000900,65.0,3.0,2.0,2.0,2.0,0.6,648.3,2.0,1.13,Safe,Potential Abuse,0.44346023466437806,0,Safe,Safe
acct_000901,24.0,2.0,1.0,1.0,1.0,0.958,0.0,1.0,0.43,Safe,Safe,0.5254864538011269,0,Safe,Potential Abuse
acct_000902,48.0,2.0,3.0,1.0,1.0,0.542,0.0,3.0,0.85,Safe,Potential Abuse,0.4970689943866015,0,Safe,Safe
acct_000903,232.0,80.0,6.0,16.0,20.0,0.168,1061079.3,7.0,3.99,Abusive,Abusive,0.5793080856362971,1,Abusive,Abusive
acct_000904,48.0,8.0,5.0,6.0,7.0,0.562,81150.1,3.0,0.81,Potential Abuse,Potential Abuse,0.4971769335307358,2,Potential Abuse,Safe
acct_000905,32.0,4.0,1.0,3.0,3.0,0.5,4317.5,2.0,0.57,Safe,Potential Abuse,0.5209633690789605,0,Safe,Potential Abuse
acct_000906,53.0,8.0,3.0,6.0,6.0,0.415,28794.7,3.0,0.9,Potential Abuse,Potential Abuse,0.506964799875107,2,Potential Abuse,Potential Abuse
acct_000907,57.0,2.0,2.0,1.0,1.0,0.579,0.0,2.0,1.03,Safe,Safe,0.4433326587981715,0,Safe,Safe
acct_000908,46.0,5.0,4.0,5.0,5.0,0.543,120629.8,3.0,0.84,Potential Abuse,Potential Abuse,0.4784175377057736,2,Potential Abuse,Safe
acct_000909,62.0,5.0,4.0,5.0,5.0,0.548,475800.4,4.0,1.07,Potential Abuse,Potential Abuse,0.4832560823225826,2,Potential Abuse,Safe
acct_000910,227.0,82.0,9.0,15.0,19.0,0.115,938722.4,8.0,3.81,Abusive,Abusive,0.606817006203086,1,Abusive,Abusive
acct_000911,32.0,1.0,2.0,1.0,1.0,1.0,0.0,1.0,0.56,Safe,Safe,0.4780420955545648,0,Safe,Safe
acct_000912,80.0,2.0,1.0,1.0,1.0,0.512,0.0,3.0,1.36,Safe,Potential Abuse,0.5289412177635788,0,Safe,Potential Abuse
acct_000913,58.0,1.0,3.0,1.0,1.0,1.0,0.0,3.0,1.09,Safe,Potential Abuse,0.48932746273231226,0,Safe,Safe
acct_000914,32.0,1.0,3.0,1.0,1.0,1.0,0.0,2.0,0.57,Safe,Safe,0.4336745428536232,0,Safe,Safe
acct_000915,80.0,3.0,1.0,2.0,2.0,0.975,146.2,3.0,1.34,Safe,Potential Abuse,0.505811600011825,0,Safe,Potential Abuse
acct_000916,64.0,1.0,1.0,1.0,1.0,1.0,0.0,2.0,1.11,Safe,Safe,0.43423006284792476,0,Safe,Safe
acct_000917,80.0,4.0,1.0,3.0,3.0,0.962,1681.7,2.0,1.43,Safe,Potential Abuse,0.5168498584811696,0,Safe,Potential Abuse
acct_000918,46.0,6.0,6.0,4.0,5.0,0.522,92883.8,3.0,0.89,Potential Abuse,Potential Abuse,0.4919440186416879,2,Potential Abuse,Safe
acct_000919,50.0,2.0,3.0,1.0,1.0,0.56,0.0,2.0,0.87,Safe,Safe,0.4530185225284518,0,Safe,Safe
acct_000920,72.0,2.0,1.0,2.0,2.0,0.986,311.0,2.0,1.21,Safe,Potential Abuse,0.4492994937961498,0,Safe,Safe
acct_000921,232.0,79.0,7.0,16.0,20.0,0.091,1112232.4,6.0,4.02,Abusive,Abusive,0.6095255500348492,1,Abusive,Abusive
acct_000922,66.0,1.0,3.0,1.0,1.0,1.0,0.0,2.0,1.12,Safe,Safe,0.4406547809697081,0,Safe,Safe
acct_000923,24.0,2.0,2.0,2.0,2.0,0.958,2412.0,2.0,0.41,Safe,Potential Abuse,0.49964176037644964,0,Safe,Safe
acct_000924,102.0,8.0,5.0,5.0,5.0,0.48,160686.1,3.0,1.71,Potential Abuse,Potential Abuse,0.472225884539906,2,Potential Abuse,Safe
acct_000925,288.0,82.0,10.0,16.0,20.0,0.153,938722.4,11.0,4.84,Abusive,Abusive,0.5916948799519025,1,Abusive,Abusive
acct_000926,81.0,6.0,3.0,5.0,5.0,0.457,270506.1,3.0,1.42,Potential Abuse,Potential Abuse,0.4619953684221222,2,Potential Abuse,Safe
acct_000927,57.0,3.0,3.0,2.0,2.0,0.632,3368.1,2.0,0.97,Safe,Potential Abuse,0.4453959608756824,0,Safe,Safe
acct_000928,254.0,78.0,11.0,16.0,20.0,0.217,934056.1,8.0,4.28,Abusive,Abusive,0.584385230413077,1,Abusive,Abusive
acct_000929,41.0,2.0,2.0,2.0,2.0,0.976,436.4,2.0,0.7,Safe,Potential Abuse,0.43852189401335173,0,Safe,Safe
acct_000930,48.0,2.0,3.0,2.0,2.0,0.979,513.4,2.0,0.85,Safe,Potential Abuse,0.4322767115893345,0,Safe,Safe
acct_000931,24.0,1.0,1.0,1.0,1.0,1.0,0.0,1.0,0.45,Safe,Safe,0.49448576167825686,0,Safe,Safe
acct_000932,66.0,3.0,3.0,2.0,2.0,0.5,1877.7,3.0,1.2,Safe,Potential Abuse,0.4624155749607794,0,Safe,Safe
acct_000933,65.0,1.0,3.0,1.0,1.0,1.0,0.0,2.0,1.12,Safe,Safe,0.43831103429095597,0,Safe,Safe
acct_000934,49.0,1.0,3.0,1.0,1.0,1.0,0.0,3.0,0.83,Safe,Potential Abuse,0.4947772945007506,0,Safe,Safe
acct_000935,48.0,4.0,3.0,3.0,3.0,0.396,524669.3,4.0,0.81,Potential Abuse,Potential Abuse,0.5256171782252033,2,Potential Abuse,Potential Abuse
acct_000936,41.0,1.0,2.0,1.0,1.0,1.0,0.0,2.0,0.7,Safe,Safe,0.42107321149518767,0,Safe,Safe
acct_000937,24.0,1.0,3.0,1.0,1.0,1.0,0.0,2.0,0.42,Safe,Safe,0.45991106262258413,0,Safe,Safe
acct_000938,40.0,2.0,1.0,2.0,2.0,0.975,269.3,3.0,0.69,Safe,Potential Abuse,0.5067762161141179,0,Safe,Potential Abuse
acct_000939,72.0,1.0,1.0,1.0,1.0,1.0,0.0,2.0,1.21,Safe,Safe,0.4510969217879022,0,Safe,Safe
acct_000940,73.0,3.0,2.0,2.0,2.0,0.521,595.6,2.0,1.25,Safe,Potential Abuse,0.4439199782509139,0,Safe,Safe
acct_000941,88.0,8.0,3.0,7.0,7.0,0.466,171374.4,4.0,1.47,Potential Abuse,Potential Abuse,0.4824474036328381,2,Potential Abuse,Safe
acct_000942,80.0,2.0,1.0,2.0,2.0,0.988,642.6,2.0,1.38,Safe,Potential Abuse,0.4581044958654585,0,Safe,Safe
acct_000943,234.0,74.0,12.0,15.0,19.0,0.124,1061079.3,9.0,4.02,Abusive,Abusive,0.6200478605243398,1,Abusive,Abusive
acct_000944,43.0,4.0,5.0,2.0,2.0,0.326,14966.6,3.0,0.74,Potential Abuse,Potential Abuse,0.5481344360826508,2,Potential Abuse,Potential Abuse
acct_000945,81.0,6.0,6.0,3.0,3.0,0.58,697192.9,4.0,1.41,Potential Abuse,Potential Abuse,0.532110109478142,2,Potential Abuse,Potential Abuse
acct_000946,93.0,6.0,6.0,6.0,6.0,0.559,91908.4,4.0,1.62,Potential Abuse,Potential Abuse,0.5004298547377125,2,Potential Abuse,Safe
acct_000947,48.0,2.0,2.0,2.0,2.0,0.979,217.5,1.0,0.84,Safe,Potential Abuse,0.48564699307902665,0,Safe,Safe
acct_000948,83.0,4.0,2.0,3.0,3.0,0.53,16835.5,3.0,1.42,Safe,Potential Abuse,0.4860907509827903,2,Potential Abuse,Safe
acct_000949,114.0,15.0,4.0,9.0,11.0,0.491,127483.9,4.0,1.96,Potential Abuse,Abusive,0.5441518259991709,2,Potential Abuse,Potential Abuse
acct_000950,122.0,8.0,5.0,4.0,5.0,0.492,201563.0,4.0,2.06,Potential Abuse,Potential Abuse,0.508722378543761,2,Potential Abuse,Potential Abuse
acct_000951,45.0,4.0,4.0,3.0,3.0,0.533,6699.1,3.0,0.85,Potential Abuse,Potential Abuse,0.48457362568532036,2,Potential Abuse,Safe
acct_000952,25.0,2.0,3.0,2.0,2.0,0.96,516.2,2.0,0.44,Safe,Potential Abuse,0.4964497680796855,0,Safe,Safe
acct_000953,49.0,3.0,2.0,2.0,2.0,0.551,657.1,2.0,0.87,Safe,Potential Abuse,0.43592284103858686,0,Safe,Safe
acct_000954,130.0,12.0,6.0,8.0,9.0,0.262,225957.8,4.0,2.19,Potential Abuse,Abusive,0.5573339687624941,2,Potential Abuse,Potential Abuse
acct_000955,83.0,2.0,2.0,1.0,1.0,0.988,0.0,3.0,1.44,Safe,Potential Abuse,0.5337920529768055,0,Safe,Potential Abuse
acct_000956,83.0,4.0,3.0,3.0,3.0,0.53,4619.1,2.0,1.41,Safe,Potential Abuse,0.4775843829502202,2,Potential Abuse,Safe
acct_000957,40.0,2.0,3.0,2.0,2.0,0.975,509.1,2.0,0.69,Safe,Potential Abuse,0.44620347315425807,0,Safe,Safe
acct_000958,237.0,91.0,6.0,16.0,20.0,0.127,662430.9,10.0,4.03,Abusive,Abusive,0.6064394579828605,1,Abusive,Abusive
acct_000959,64.0,3.0,3.0,3.0,3.0,0.969,99674.7,2.0,1.08,Safe,Potential Abuse,0.499868630128903,0,Safe,Safe
acct_000960,33.0,2.0,2.0,1.0,1.0,0.515,0.0,2.0,0.58,Safe,Safe,0.4587771410125024,0,Safe,Safe
acct_000961,400.0,126.0,15.0,16.0,20.0,0.148,983647.9,11.0,6.71,Abusive,Abusive,0.6746765141040025,1,Abusive,Abusive
acct_000962,64.0,1.0,1.0,1.0,1.0,1.0,0.0,2.0,1.09,Safe,Safe,0.4324804710674711,0,Safe,Safe
acct_000963,308.0,85.0,10.0,15.0,19.0,0.149,1019636.0,9.0,5.16,Abusive,Abusive,0.6269269498638224,1,Abusive,Abusive
acct_000964,72.0,2.0,3.0,2.0,2.0,0.986,1950.8,2.0,1.22,Safe,Potential Abuse,0.43968254210443114,0,Safe,Safe
acct_000965,64.0,2.0,1.0,1.0,1.0,0.562,0.0,2.0,1.09,Safe,Safe,0.45911295834354976,0,Safe,Safe
acct_000966,56.0,2.0,3.0,2.0,2.0,0.982,242.1,2.0,0.95,Safe,Potential Abuse,0.4358107554506864,0,Safe,Safe
acct_000967,74.0,8.0,5.0,6.0,6.0,0.257,102402.5,3.0,1.27,Potential Abuse,Potential Abuse,0.5015882288426838,2,Potential Abuse,Potential Abuse
acct_000968,32.0,2.0,3.0,2.0,2.0,0.969,38.5,2.0,0.58,Safe,Potential Abuse,0.4866529362400621,0,Safe,Safe
acct_000969,53.0,5.0,5.0,5.0,5.0,0.547,7681.6,4.0,0.9,Potential Abuse,Potential Abuse,0.5157297946857938,2,Potential Abuse,Potential Abuse
acct_000970,40.0,4.0,1.0,3.0,3.0,0.475,1041.8,2.0,0.7,Safe,Potential Abuse,0.5117905607624795,0,Safe,Potential Abuse
acct_000971,49.0,2.0,3.0,2.0,2.0,0.98,5456.7,2.0,0.9,Safe,Potential Abuse,0.44072700934316167,0,Safe,Safe
acct_000972,101.0,8.0,3.0,5.0,6.0,0.505,180174.7,3.0,1.74,Potential Abuse,Potential Abuse,0.4772767177502135,2,Potential Abuse,Safe
acct_000973,33.0,1.0,2.0,1.0,1.0,1.0,0.0,2.0,0.57,Safe,Safe,0.4302061935021017,0,Safe,Safe
acct_000974,65.0,1.0,2.0,1.0,1.0,1.0,0.0,2.0,1.13,Safe,Safe,0.42718071333978047,0,Safe,Safe
acct_000975,56.0,1.0,2.0,1.0,1.0,1.0,0.0,2.0,0.95,Safe,Safe,0.4160271382051602,0,Safe,Safe
acct_000976,48.0,2.0,1.0,1.0,1.0,0.625,0.0,2.0,0.82,Safe,Safe,0.4604653255329247,0,Safe,Safe
acct_000977,32.0,4.0,1.0,3.0,3.0,0.5,482.7,2.0,0.54,Safe,Potential Abuse,0.5272245927843155,0,Safe,Potential Abuse
acct_000978,73.0,2.0,2.0,1.0,1.0,0.575,0.0,3.0,1.27,Safe,Potential Abuse,0.5028676225034384,0,Safe,Potential Abuse
acct_000979,80.0,3.0,1.0,3.0,3.0,0.975,1585.1,3.0,1.35,Safe,Potential Abuse,0.510267870413531,0,Safe,Potential Abuse
acct_000980,64.0,1.0,2.0,1.0,1.0,1.0,0.0,2.0,1.08,Safe,Safe,0.42276684603663206,0,Safe,Safe
acct_000981,46.0,5.0,4.0,3.0,3.0,0.5,569844.1,3.0,0.85,Potential Abuse,Potential Abuse,0.4932841178842311,2,Potential Abuse,Safe
acct_000982,40.0,1.0,1.0,1.0,1.0,1.0,0.0,2.0,0.71,Safe,Safe,0.4306339230916643,0,Safe,Safe
acct_000983,24.0,1.0,2.0,1.0,1.0,1.0,0.0,2.0,0.42,Safe,Safe,0.4541067958305721,0,Safe,Safe
acct_000984,64.0,1.0,1.0,1.0,1.0,1.0,0.0,2.0,1.08,Safe,Safe,0.431928120421016,0,Safe,Safe
acct_000985,32.0,4.0,2.0,3.0,3.0,0.469,151.9,2.0,0.57,Safe,Potential Abuse,0.52292192436408,0,Safe,Potential Abuse
acct_000986,331.0,106.0,10.0,16.0,20.0,0.115,979263.5,11.0,5.54,Abusive,Abusive,0.6037327983973134,1,Abusive,Abusive
acct_000987,56.0,4.0,3.0,3.0,3.0,0.482,12509.7,2.0,0.94,Safe,Potential Abuse,0.4740167732755484,2,Potential Abuse,Safe
acct_000988,327.0,98.0,12.0,16.0,20.0,0.202,934056.1,7.0,5.48,Abusive,Abusive,0.6044042571357963,1,Abusive,Abusive
acct_000989,42.0,6.0,4.0,5.0,5.0,0.571,3498.6,2.0,0.76,Potential Abuse,Potential Abuse,0.5215353671527193,2,Potential Abuse,Potential Abuse
acct_000990,64.0,2.0,1.0,1.0,1.0,0.547,0.0,2.0,1.13,Safe,Safe,0.46104089334966275,0,Safe,Safe
acct_000991,65.0,2.0,2.0,1.0,1.0,0.554,0.0,2.0,1.12,Safe,Safe,0.4476370828349561,0,Safe,Safe
acct_000992,232.0,68.0,7.0,16.0,19.0,0.121,900033.2,9.0,3.96,Abusive,Abusive,0.599085655475494,1,Abusive,Abusive
acct_000993,48.0,1.0,1.0,1.0,1.0,1.0,0.0,2.0,0.88,Safe,Safe,0.43128399674279266,0,Safe,Safe
acct_000994,32.0,2.0,1.0,1.0,1.0,0.5,0.0,2.0,0.54,Safe,Safe,0.4838085457719367,0,Safe,Safe
acct_000995,81.0,3.0,2.0,3.0,3.0,0.975,1504.1,2.0,1.37,Safe,Potential Abuse,0.48421196759831453,0,Safe,Safe
acct_000996,40.0,3.0,1.0,2.0,2.0,0.5,8178.2,2.0,0.69,Safe,Potential Abuse,0.4751861387296348,0,Safe,Safe
acct_000997,85.0,11.0,4.0,7.0,7.0,0.353,221418.5,3.0,1.43,Potential Abuse,Potential Abuse,0.4915400151588598,2,Potential Abuse,Safe
acct_000998,92.0,7.0,4.0,5.0,6.0,0.5,19430.7,5.0,1.58,Potential Abuse,Potential Abuse,0.5211860192802524,2,Potential Abuse,Potential Abuse
acct_000999,52.0,3.0,3.0,3.0,3.0,0.5,6241.5,3.0,0.9,Potential Abuse,Potential Abuse,0.47558128101063,2,Potential Abuse,Safe
acct_001000,296.0,93.0,14.0,16.0,20.0,0.179,934056.1,9.0,4.94,Abusive,Abusive,0.6032182579935719,1,Abusive,Abusive
acct_001001,24.0,1.0,1.0,1.0,1.0,1.0,0.0,1.0,0.44,Safe,Safe,0.49229563876924354,0,Safe,Safe
acct_001002,56.0,2.0,1.0,1.0,1.0,0.589,0.0,2.0,0.99,Safe,Safe,0.45920363544149273,0,Safe,Safe
acct_001003,74.0,2.0,3.0,2.0,2.0,0.986,380.3,3.0,1.27,Safe,Potential Abuse,0.4746906473800224,0,Safe,Safe
acct_001004,82.0,4.0,2.0,3.0,3.0,0.573,596.5,3.0,1.4,Safe,Potential Abuse,0.49869295141225184,2,Potential Abuse,Safe
acct_001005,24.0,1.0,3.0,1.0,1.0,1.0,0.0,1.0,0.43,Safe,Safe,0.49180299963731955,0,Safe,Safe
acct_001006,24.0,1.0,2.0,1.0,1.0,1.0,0.0,1.0,0.46,Safe,Safe,0.483786201568594,0,Safe,Safe
acct_001007,65.0,2.0,3.0,1.0,1.0,0.538,0.0,2.0,1.14,Safe,Safe,0.45957520058370277,0,Safe,Safe
acct_001008,160.0,62.0,13.0,15.0,19.0,0.175,979263.5,7.0,2.67,Abusive,Abusive,0.6273452533479565,1,Abusive,Abusive
acct_001009,64.0,2.0,2.0,1.0,1.0,0.516,0.0,2.0,1.11,Safe,Safe,0.4489726489851776,0,Safe,Safe
acct_001010,119.0,10.0,6.0,6.0,6.0,0.504,808120.7,3.0,2.0,Potential Abuse,Potential Abuse,0.5153684744198271,2,Potential Abuse,Potential Abuse
acct_001011,32.0,1.0,1.0,1.0,1.0,1.0,0.0,1.0,0.56,Safe,Safe,0.4863603341978498,0,Safe,Safe
acct_001012,64.0,2.0,3.0,2.0,2.0,0.984,587.7,2.0,1.1,Safe,Potential Abuse,0.430390935703498,0,Safe,Safe
acct_001013,111.0,10.0,5.0,5.0,6.0,0.279,270707.4,3.0,1.87,Potential Abuse,Potential Abuse,0.5163593379231453,2,Potential Abuse,Potential Abuse
acct_001014,48.0,2.0,1.0,1.0,1.0,0.542,0.0,2.0,0.83,Safe,Safe,0.4540219796906719,0,Safe,Safe
acct_001015,25.0,2.0,2.0,1.0,1.0,0.52,0.0,3.0,0.46,Safe,Potential Abuse,0.5220332418591799,0,Safe,Potential Abuse
acct_001016,64.0,1.0,1.0,1.0,1.0,1.0,0.0,2.0,1.07,Safe,Safe,0.43183406076896175,0,Safe,Safe
acct_001017,64.0,1.0,1.0,1.0,1.0,1.0,0.0,2.0,1.1,Safe,Safe,0.43216001680720706,0,Safe,Safe
acct_001018,40.0,1.0,2.0,1.0,1.0,1.0,0.0,2.0,0.7,Safe,Safe,0.4205362600547066,0,Safe,Safe
acct_001019,40.0,1.0,1.0,1.0,1.0,1.0,0.0,2.0,0.67,Safe,Safe,0.43094313651497557,0,Safe,Safe
acct_001020,52.0,4.0,4.0,4.0,4.0,0.596,36004.6,3.0,0.92,Potential Abuse,Potential Abuse,0.48406320518646256,2,Potential Abuse,Safe
acct_001021,114.0,8.0,5.0,5.0,5.0,0.544,322851.8,4.0,1.97,Potential Abuse,Potential Abuse,0.4979687927481379,2,Potential Abuse,Safe
acct_001022,32.0,1.0,3.0,1.0,1.0,1.0,0.0,1.0,0.54,Safe,Safe,0.4842338517363249,0,Safe,Safe
acct_001023,72.0,4.0,2.0,4.0,4.0,0.958,838.2,2.0,1.22,Safe,Potential Abuse,0.5264111769398622,0,Safe,Potential Abuse
acct_001024,56.0,1.0,2.0,1.0,1.0,1.0,0.0,1.0,0.95,Safe,Safe,0.4817891456164342,0,Safe,Safe
acct_001025,95.0,7.0,4.0,5.0,6.0,0.558,140451.2,3.0,1.59,Potential Abuse,Potential Abuse,0.46805548886125437,2,Potential Abuse,Safe
acct_001026,56.0,3.0,1.0,3.0,3.0,0.964,1647.5,2.0,0.96,Safe,Potential Abuse,0.48834547438033715,0,Safe,Safe
acct_001027,109.0,12.0,6.0,7.0,8.0,0.505,100158.0,3.0,1.99,Potential Abuse,Potential Abuse,0.5117268312927926,2,Potential Abuse,Potential Abuse
acct_001028,48.0,2.0,1.0,1.0,1.0,0.562,0.0,2.0,0.82,Safe,Safe,0.45440181677587793,0,Safe,Safe
acct_001029,72.0,4.0,3.0,4.0,4.0,0.958,4920.7,2.0,1.21,Safe,Potential Abuse,0.5156270835878177,0,Safe,Potential Abuse
acct_001030,32.0,3.0,2.0,2.0,2.0,0.594,448.0,2.0,0.63,Safe,Potential Abuse,0.46885401557000667,0,Safe,Safe
acct_001031,65.0,7.0,4.0,5.0,5.0,0.523,470940.7,3.0,1.11,Potential Abuse,Potential Abuse,0.4581221181733073,2,Potential Abuse,Safe
acct_001032,170.0,64.0,7.0,16.0,18.0,0.176,838957.6,6.0,2.91,Abusive,Abusive,0.6209528995939458,1,Abusive,Abusive
acct_001033,72.0,2.0,1.0,2.0,2.0,0.986,603.1,2.0,1.22,Safe,Potential Abuse,0.4440629034193659,0,Safe,Safe
acct_001034,72.0,2.0,3.0,2.0,2.0,0.986,418.1,2.0,1.28,Safe,Potential Abuse,0.44343315816707835,0,Safe,Safe
acct_001035,72.0,1.0,3.0,1.0,1.0,1.0,0.0,3.0,1.24,Safe,Potential Abuse,0.4947939755491118,0,Safe,Safe
acct_001036,82.0,2.0,2.0,2.0,2.0,0.988,144.1,2.0,1.39,Safe,Potential Abuse,0.4671502774250219,0,Safe,Safe
acct_001037,204.0,69.0,12.0,15.0,19.0,0.127,965670.0,6.0,3.43,Abusive,Abusive,0.615422097898369,1,Abusive,Abusive
acct_001038,117.0,10.0,6.0,7.0,7.0,0.513,979263.5,5.0,1.97,Potential Abuse,Potential Abuse,0.5417278418101497,2,Potential Abuse,Potential Abuse
acct_001039,72.0,2.0,1.0,2.0,2.0,0.986,2930.0,2.0,1.25,Safe,Potential Abuse,0.44674832406013393,0,Safe,Safe
acct_001040,24.0,2.0,2.0,2.0,2.0,0.958,302.7,2.0,0.41,Safe,Potential Abuse,0.4953685618601417,0,Safe,Safe
acct_001041,59.0,6.0,6.0,5.0,5.0,0.407,20433.7,3.0,0.99,Potential Abuse,Potential Abuse,0.49876310739094737,2,Potential Abuse,Safe
acct_001042,217.0,80.0,12.0,16.0,19.0,0.129,959325.3,7.0,3.63,Abusive,Abusive,0.5874299347841377,1,Abusive,Abusive
acct_001043,72.0,2.0,1.0,1.0,1.0,0.556,0.0,1.0,1.25,Safe,Safe,0.514412812405928,0,Safe,Potential Abuse
acct_001044,40.0,2.0,1.0,1.0,1.0,0.55,0.0,1.0,0.7,Safe,Safe,0.5051730700955248,0,Safe,Potential Abuse
acct_001045,40.0,2.0,2.0,1.0,1.0,0.525,0.0,2.0,0.71,Safe,Safe,0.44471083898140834,0,Safe,Safe
acct_001046,223.0,81.0,11.0,16.0,20.0,0.166,838957.6,8.0,3.82,Abusive,Abusive,0.5831338022206918,1,Abusive,Abusive
acct_001047,81.0,2.0,3.0,2.0,2.0,0.988,1857.5,3.0,1.35,Safe,Potential Abuse,0.47610207059993825,0,Safe,Safe
acct_001048,72.0,2.0,1.0,2.0,2.0,0.986,1139.5,2.0,1.21,Safe,Potential Abuse,0.4435397352676195,0,Safe,Safe
acct_001049,66.0,3.0,3.0,2.0,2.0,0.561,719.1,2.0,1.13,Safe,Potential Abuse,0.43825462562635864,0,Safe,Safe
acct_001050,41.0,2.0,2.0,2.0,2.0,0.976,389.0,2.0,0.7,Safe,Potential Abuse,0.4395054753928792,0,Safe,Safe
acct_001051,81.0,7.0,3.0,4.0,4.0,0.481,1946.3,2.0,1.35,Safe,Potential Abuse,0.49894941215130695,2,Potential Abuse,Safe
acct_001052,72.0,1.0,1.0,1.0,1.0,1.0,0.0,3.0,1.22,Safe,Potential Abuse,0.5047088181486666,0,Safe,Potential Abuse
acct_001053,91.0,8.0,3.0,6.0,6.0,0.484,348596.5,4.0,1.56,Potential Abuse,Potential Abuse,0.47698497071944573,2,Potential Abuse,Safe
acct_001054,24.0,2.0,1.0,1.0,1.0,0.542,0.0,1.0,0.4,Safe,Safe,0.5265597140066985,0,Safe,Potential Abuse
acct_001055,207.0,77.0,6.0,16.0,20.0,0.087,959325.3,9.0,3.58,Abusive,Abusive,0.5970872884965707,1,Abusive,Abusive
acct_001056,272.0,93.0,14.0,15.0,19.0,0.143,979263.5,8.0,4.56,Abusive,Abusive,0.6318195920803836,1,Abusive,Abusive
acct_001057,82.0,3.0,2.0,2.0,2.0,0.512,2277.4,3.0,1.42,Safe,Potential Abuse,0.47768972837081203,0,Safe,Safe
acct_001058,56.0,3.0,1.0,3.0,3.0,0.964,2008.4,2.0,0.99,Safe,Potential Abuse,0.4867694792642574,0,Safe,Safe
acct_001059,48.0,2.0,2.0,2.0,2.0,0.979,483.2,2.0,0.87,Safe,Potential Abuse,0.42758025869994376,0,Safe,Safe
acct_001060,377.0,145.0,12.0,16.0,20.0,0.106,904311.7,9.0,6.32,Abusive,Abusive,0.6402816967967205,1,Abusive,Abusive
acct_001061,65.0,2.0,2.0,1.0,1.0,0.508,0.0,2.0,1.14,Safe,Safe,0.45270272778086923,0,Safe,Safe
acct_001062,103.0,5.0,4.0,4.0,4.0,0.466,8438.7,4.0,1.74,Potential Abuse,Potential Abuse,0.5225714001795789,2,Potential Abuse,Potential Abuse
acct_001063,25.0,3.0,2.0,2.0,2.0,0.52,19.5,2.0,0.44,Safe,Potential Abuse,0.5132537813658276,0,Safe,Potential Abuse
acct_001064,221.0,80.0,8.0,16.0,20.0,0.109,919949.9,10.0,3.78,Abusive,Abusive,0.5890194706152307,1,Abusive,Abusive
acct_001065,73.0,4.0,3.0,2.0,2.0,0.507,310545.7,2.0,1.24,Safe,Potential Abuse,0.4914741154828567,2,Potential Abuse,Safe
acct_001066,32.0,1.0,1.0,1.0,1.0,1.0,0.0,1.0,0.54,Safe,Safe,0.48828953225400673,0,Safe,Safe
acct_001067,56.0,1.0,1.0,1.0,1.0,1.0,0.0,2.0,0.95,Safe,Safe,0.4280879097138274,0,Safe,Safe
acct_001068,25.0,1.0,3.0,1.0,1.0,1.0,0.0,2.0,0.44,Safe,Safe,0.45862356171191415,0,Safe,Safe
acct_001069,73.0,4.0,3.0,3.0,3.0,0.507,445755.1,2.0,1.23,Safe,Potential Abuse,0.48605339162586825,2,Potential Abuse,Safe
acct_001070,64.0,2.0,1.0,1.0,1.0,0.594,0.0,2.0,1.09,Safe,Safe,0.4616821044915154,0,Safe,Safe
acct_001071,64.0,3.0,1.0,2.0,2.0,0.531,92295.1,2.0,1.1,Safe,Potential Abuse,0.47962147588338583,0,Safe,Safe
acct_001072,77.0,8.0,6.0,6.0,6.0,0.429,614415.0,3.0,1.31,Potential Abuse,Potential Abuse,0.4815453463679581,2,Potential Abuse,Safe
acct_001073,56.0,3.0,1.0,2.0,2.0,0.518,759.0,2.0,0.95,Safe,Potential Abuse,0.44906234662344363,0,Safe,Safe
acct_001074,55.0,5.0,6.0,4.0,4.0,0.618,3885.2,3.0,0.97,Potential Abuse,Potential Abuse,0.51758045201505,2,Potential Abuse,Potential Abuse
acct_001075,65.0,3.0,3.0,3.0,3.0,0.954,67807.4,2.0,1.11,Safe,Potential Abuse,0.49837929728237507,0,Safe,Safe
acct_001076,24.0,1.0,3.0,1.0,1.0,1.0,0.0,2.0,0.43,Safe,Safe,0.45659527870720695,0,Safe,Safe
acct_001077,65.0,1.0,3.0,1.0,1.0,1.0,0.0,3.0,1.12,Safe,Potential Abuse,0.48699593201413877,0,Safe,Safe
acct_001078,73.0,3.0,3.0,3.0,3.0,0.973,14132.0,2.0,1.24,Safe,Potential Abuse,0.4880587783032979,0,Safe,Safe
acct_001079,24.0,2.0,1.0,1.0,1.0,0.583,0.0,2.0,0.43,Safe,Safe,0.48912582243485564,0,Safe,Safe
acct_001080,72.0,1.0,2.0,1.0,1.0,1.0,0.0,2.0,1.34,Safe,Safe,0.4500699364419389,0,Safe,Safe
acct_001081,82.0,9.0,5.0,7.0,7.0,0.293,582703.5,4.0,1.41,Potential Abuse,Potential Abuse,0.5043582737515694,2,Potential Abuse,Potential Abuse
acct_001082,26.0,3.0,3.0,2.0,2.0,0.5,203136.4,2.0,0.46,Safe,Potential Abuse,0.522217976109734,2,Potential Abuse,Potential Abuse
acct_001083,56.0,2.0,3.0,1.0,1.0,0.607,0.0,2.0,0.95,Safe,Safe,0.4590846691189325,0,Safe,Safe
acct_001084,64.0,2.0,3.0,2.0,2.0,0.984,3971.4,2.0,1.08,Safe,Potential Abuse,0.43571963479665377,0,Safe,Safe
acct_001085,303.0,94.0,6.0,16.0,20.0,0.135,996402.1,7.0,5.14,Abusive,Abusive,0.5830426548121476,1,Abusive,Abusive
acct_001086,73.0,1.0,3.0,1.0,1.0,1.0,0.0,2.0,1.24,Safe,Safe,0.45241452208961164,0,Safe,Safe
acct_001087,195.0,68.0,9.0,16.0,20.0,0.215,959220.5,10.0,3.29,Abusive,Abusive,0.6026029466802623,1,Abusive,Abusive
acct_001088,80.0,1.0,3.0,1.0,1.0,1.0,0.0,2.0,1.38,Safe,Safe,0.4798665809049267,0,Safe,Safe
acct_001089,394.0,133.0,7.0,16.0,20.0,0.112,878836.8,11.0,6.72,Abusive,Abusive,0.6637353614513661,1,Abusive,Abusive
acct_001090,48.0,1.0,1.0,1.0,1.0,1.0,0.0,2.0,0.88,Safe,Safe,0.43128399674279266,0,Safe,Safe
acct_001091,88.0,9.0,3.0,5.0,5.0,0.432,58821.4,3.0,1.47,Potential Abuse,Potential Abuse,0.4808223509250515,2,Potential Abuse,Safe
acct_001092,67.0,4.0,5.0,3.0,3.0,0.552,561758.8,3.0,1.22,Potential Abuse,Potential Abuse,0.49166466148917304,2,Potential Abuse,Safe
acct_001093,57.0,1.0,3.0,1.0,1.0,1.0,0.0,2.0,0.99,Safe,Safe,0.43344168257659416,0,Safe,Safe
acct_001094,64.0,2.0,2.0,1.0,1.0,0.516,0.0,2.0,1.09,Safe,Safe,0.4471194177997628,0,Safe,Safe
acct_001095,32.0,2.0,2.0,2.0,2.0,0.969,19.6,2.0,0.57,Safe,Potential Abuse,0.480720553149971,0,Safe,Safe
acct_001096,56.0,2.0,2.0,2.0,2.0,0.982,113.3,2.0,0.96,Safe,Potential Abuse,0.4404805138945781,0,Safe,Safe
acct_001097,115.0,9.0,5.0,6.0,6.0,0.252,350354.5,3.0,1.98,Potential Abuse,Potential Abuse,0.5192057601780584,2,Potential Abuse,Potential Abuse
acct_001098,333.0,116.0,7.0,16.0,20.0,0.138,983647.9,8.0,5.6,Abusive,Abusive,0.5819307727935986,1,Abusive,Abusive
acct_001099,24.0,1.0,1.0,1.0,1.0,1.0,0.0,2.0,0.46,Safe,Safe,0.4635644341483549,0,Safe,Safe
acct_001100,123.0,11.0,3.0,7.0,9.0,0.528,724410.4,4.0,2.07,Potential Abuse,Potential Abuse,0.5236141839655138,2,Potential Abuse,Potential Abuse
acct_001101,24.0,1.0,1.0,1.0,1.0,1.0,0.0,1.0,0.48,Safe,Safe,0.49804730742268294,0,Safe,Safe
acct_001102,72.0,2.0,1.0,1.0,1.0,0.514,0.0,2.0,1.25,Safe,Safe,0.4776593061929754,0,Safe,Safe
acct_001103,204.0,62.0,15.0,16.0,20.0,0.172,983647.9,6.0,3.43,Abusive,Abusive,0.6284091118899584,1,Abusive,Abusive
acct_001104,24.0,1.0,2.0,1.0,1.0,1.0,0.0,1.0,0.44,Safe,Safe,0.4814218774949096,0,Safe,Safe
acct_001105,25.0,1.0,3.0,1.0,1.0,1.0,0.0,2.0,0.49,Safe,Safe,0.4548879896093422,0,Safe,Safe
acct_001106,24.0,1.0,2.0,1.0,1.0,1.0,0.0,1.0,0.42,Safe,Safe,0.48709284973650036,0,Safe,Safe
acct_001107,74.0,2.0,3.0,2.0,2.0,0.986,2371.1,2.0,1.26,Safe,Potential Abuse,0.4443387557194235,0,Safe,Safe
acct_001108,233.0,63.0,15.0,15.0,19.0,0.176,1000465.4,7.0,3.9,Abusive,Abusive,0.62808411650002,1,Abusive,Abusive
acct_001109,40.0,4.0,1.0,3.0,3.0,0.525,835.1,1.0,0.67,Safe,Potential Abuse,0.5379035572588289,0,Safe,Potential Abuse
acct_001110,72.0,2.0,2.0,2.0,2.0,0.986,756.4,2.0,1.27,Safe,Potential Abuse,0.43639181078530914,0,Safe,Safe
acct_001111,83.0,7.0,5.0,7.0,7.0,0.542,178513.2,4.0,1.41,Potential Abuse,Potential Abuse,0.48359650338080656,2,Potential Abuse,Safe
acct_001112,66.0,2.0,2.0,2.0,2.0,0.985,14646.2,2.0,1.11,Safe,Potential Abuse,0.45175766143538476,0,Safe,Safe
acct_001113,64.0,2.0,1.0,2.0,2.0,0.984,989.1,3.0,1.1,Safe,Potential Abuse,0.47942400144084585,0,Safe,Safe
acct_001114,48.0,1.0,1.0,1.0,1.0,1.0,0.0,2.0,0.81,Safe,Safe,0.4285878695490684,0,Safe,Safe
acct_001115,49.0,3.0,3.0,2.0,2.0,0.49,345972.0,2.0,0.87,Safe,Potential Abuse,0.4870250666264884,2,Potential Abuse,Safe
acct_001116,82.0,2.0,3.0,1.0,1.0,0.549,0.0,2.0,1.39,Safe,Safe,0.49227028857642374,0,Safe,Safe
acct_001117,24.0,1.0,3.0,1.0,1.0,1.0,0.0,1.0,0.42,Safe,Safe,0.4942475518232648,0,Safe,Safe
acct_001118,42.0,1.0,3.0,1.0,1.0,1.0,0.0,2.0,0.72,Safe,Safe,0.4356086185388731,0,Safe,Safe
acct_001119,33.0,1.0,3.0,1.0,1.0,1.0,0.0,2.0,0.59,Safe,Safe,0.43406353128762964,0,Safe,Safe
acct_001120,33.0,1.0,3.0,1.0,1.0,1.0,0.0,2.0,0.66,Safe,Safe,0.4359744870385416,0,Safe,Safe
acct_001121,61.0,5.0,3.0,5.0,5.0,0.492,250116.4,6.0,1.03,Potential Abuse,Abusive,0.5212378838881746,2,Potential Abuse,Potential Abuse
acct_001122,106.0,11.0,3.0,8.0,9.0,0.5,525336.1,4.0,1.84,Potential Abuse,Abusive,0.5092361090525105,2,Potential Abuse,Potential Abuse
acct_001123,40.0,2.0,1.0,1.0,1.0,0.5,0.0,2.0,0.7,Safe,Safe,0.47141121839558325,0,Safe,Safe
acct_001124,72.0,1.0,1.0,1.0,1.0,1.0,0.0,2.0,1.24,Safe,Safe,0.4532469129418205,0,Safe,Safe
acct_001125,32.0,1.0,1.0,1.0,1.0,1.0,0.0,3.0,0.56,Safe,Potential Abuse,0.5058731188122905,0,Safe,Potential Abuse
acct_001126,64.0,2.0,1.0,1.0,1.0,0.562,0.0,2.0,1.11,Safe,Safe,0.4602700040045238,0,Safe,Safe
acct_001127,81.0,4.0,2.0,3.0,3.0,0.494,847.4,2.0,1.37,Safe,Potential Abuse,0.48707041150798996,2,Potential Abuse,Safe
acct_001128,64.0,1.0,3.0,1.0,1.0,1.0,0.0,2.0,1.11,Safe,Safe,0.4365391683013608,0,Safe,Safe
acct_001129,49.0,3.0,3.0,2.0,2.0,0.49,540.8,2.0,0.88,Safe,Potential Abuse,0.44952201817587417,0,Safe,Safe
acct_001130,61.0,8.0,6.0,7.0,7.0,0.557,33553.9,3.0,1.05,Potential Abuse,Potential Abuse,0.5121495407934435,2,Potential Abuse,Potential Abuse
acct_001131,64.0,3.0,2.0,2.0,2.0,0.562,920.5,2.0,1.1,Safe,Potential Abuse,0.4361568957331027,0,Safe,Safe
acct_001132,64.0,5.0,5.0,5.0,5.0,0.547,10642.5,2.0,1.09,Potential Abuse,Potential Abuse,0.503010954495149,2,Potential Abuse,Potential Abuse
acct_001133,24.0,1.0,2.0,1.0,1.0,1.0,0.0,1.0,0.43,Safe,Safe,0.48324561384500886,0,Safe,Safe
acct_001134,24.0,3.0,2.0,2.0,2.0,0.542,230.4,2.0,0.44,Safe,Potential Abuse,0.49281736195846243,0,Safe,Safe
acct_001135,24.0,3.0,1.0,2.0,2.0,0.625,1299.2,1.0,0.42,Safe,Potential Abuse,0.5468481788503851,0,Safe,Potential Abuse
acct_001136,80.0,2.0,1.0,2.0,2.0,0.988,2430.5,2.0,1.37,Safe,Potential Abuse,0.45635231207225874,0,Safe,Safe
acct_001137,95.0,12.0,3.0,8.0,8.0,0.526,519563.1,3.0,1.61,Potential Abuse,Abusive,0.5096772006642418,2,Potential Abuse,Potential Abuse
acct_001138,47.0,6.0,3.0,4.0,4.0,0.532,206698.1,3.0,0.86,Potential Abuse,Potential Abuse,0.47852201284593554,2,Potential Abuse,Safe
acct_001139,72.0,1.0,2.0,1.0,1.0,1.0,0.0,3.0,1.26,Safe,Potential Abuse,0.48941967067774145,0,Safe,Safe
acct_001140,81.0,2.0,3.0,2.0,2.0,0.988,2326.5,2.0,1.37,Safe,Potential Abuse,0.45477636582060915,0,Safe,Safe
acct_001141,24.0,2.0,3.0,2.0,2.0,0.958,163.7,1.0,0.4,Safe,Potential Abuse,0.5364055106075207,0,Safe,Potential Abuse
acct_001142,56.0,3.0,3.0,2.0,2.0,0.536,239.1,2.0,0.96,Safe,Potential Abuse,0.44884567806329323,0,Safe,Safe
acct_001143,32.0,2.0,1.0,1.0,1.0,0.531,0.0,1.0,0.55,Safe,Safe,0.5082828666514081,0,Safe,Potential Abuse
acct_001144,56.0,1.0,1.0,1.0,1.0,1.0,0.0,2.0,0.94,Safe,Safe,0.42902761129663436,0,Safe,Safe
acct_001145,56.0,1.0,1.0,1.0,1.0,1.0,0.0,3.0,0.96,Safe,Potential Abuse,0.4957535104225026,0,Safe,Safe
acct_001146,111.0,6.0,6.0,4.0,5.0,0.568,91766.3,3.0,1.91,Potential Abuse,Potential Abuse,0.5145424671651286,2,Potential Abuse,Potential Abuse
acct_001147,55.0,7.0,6.0,6.0,6.0,0.473,645703.5,3.0,1.03,Potential Abuse,Potential Abuse,0.4882952549657227,2,Potential Abuse,Safe
acct_001148,56.0,1.0,1.0,1.0,1.0,1.0,0.0,2.0,0.97,Safe,Safe,0.42705666846014095,0,Safe,Safe
acct_001149,42.0,3.0,5.0,2.0,3.0,0.5,78314.6,2.0,0.74,Potential Abuse,Potential Abuse,0.5124770258200075,2,Potential Abuse,Potential Abuse
acct_001150,48.0,2.0,3.0,1.0,1.0,0.583,0.0,2.0,0.89,Safe,Safe,0.45398955657679224,0,Safe,Safe
acct_001151,64.0,1.0,2.0,1.0,1.0,1.0,0.0,3.0,1.08,Safe,Potential Abuse,0.47898921924018295,0,Safe,Safe
acct_001152,124.0,10.0,5.0,6.0,7.0,0.484,107107.9,5.0,2.08,Potential Abuse,Potential Abuse,0.5285755816323404,2,Potential Abuse,Potential Abuse
acct_001153,117.0,7.0,3.0,6.0,6.0,0.53,722971.5,3.0,1.97,Potential Abuse,Potential Abuse,0.5125110789284328,2,Potential Abuse,Potential Abuse
acct_001154,102.0,7.0,5.0,6.0,6.0,0.451,662430.9,3.0,1.73,Potential Abuse,Potential Abuse,0.48068614890477596,2,Potential Abuse,Safe
acct_001155,64.0,1.0,3.0,1.0,1.0,1.0,0.0,2.0,1.13,Safe,Safe,0.4379122630452288,0,Safe,Safe
acct_001156,42.0,2.0,3.0,1.0,1.0,0.571,0.0,3.0,0.71,Safe,Potential Abuse,0.4983150128310225,0,Safe,Safe
acct_001157,59.0,5.0,5.0,5.0,5.0,0.661,491823.9,3.0,0.99,Potential Abuse,Potential Abuse,0.48516453034567253,2,Potential Abuse,Safe
acct_001158,83.0,10.0,3.0,5.0,6.0,0.337,199518.8,4.0,1.4,Potential Abuse,Potential Abuse,0.5026188092524168,2,Potential Abuse,Potential Abuse
acct_001159,24.0,1.0,1.0,1.0,1.0,1.0,0.0,1.0,0.44,Safe,Safe,0.49229563876924354,0,Safe,Safe
acct_001160,91.0,8.0,6.0,7.0,8.0,0.505,401039.5,3.0,1.57,Potential Abuse,Potential Abuse,0.48670198339494,2,Potential Abuse,Safe
acct_001161,84.0,6.0,5.0,4.0,5.0,0.5,144882.1,3.0,1.42,Potential Abuse,Potential Abuse,0.4592003396370161,2,Potential Abuse,Safe
acct_001162,32.0,1.0,3.0,1.0,1.0,1.0,0.0,2.0,0.55,Safe,Safe,0.4362243396613278,0,Safe,Safe
acct_001163,277.0,99.0,8.0,16.0,20.0,0.159,938722.4,10.0,4.75,Abusive,Abusive,0.57383441330796,1,Abusive,Potential Abuse
acct_001164,112.0,14.0,6.0,7.0,9.0,0.277,345972.0,4.0,1.92,Potential Abuse,Potential Abuse,0.5387397582422806,2,Potential Abuse,Potential Abuse
acct_001165,64.0,2.0,1.0,2.0,2.0,0.984,109.6,2.0,1.08,Safe,Potential Abuse,0.4541450242242123,0,Safe,Safe
acct_001166,32.0,1.0,2.0,1.0,1.0,1.0,0.0,2.0,0.59,Safe,Safe,0.43074489529109583,0,Safe,Safe
acct_001167,40.0,2.0,3.0,1.0,1.0,0.55,0.0,2.0,0.71,Safe,Safe,0.4507672867464542,0,Safe,Safe
acct_001168,32.0,2.0,3.0,1.0,1.0,0.531,0.0,1.0,0.55,Safe,Safe,0.5016377400382864,0,Safe,Potential Abuse
acct_001169,32.0,2.0,2.0,2.0,2.0,0.969,1887.0,2.0,0.57,Safe,Potential Abuse,0.46542536353948377,0,Safe,Safe
acct_001170,40.0,2.0,2.0,2.0,2.0,0.975,164.7,2.0,0.67,Safe,Potential Abuse,0.44964810246345516,0,Safe,Safe
acct_001171,33.0,1.0,2.0,1.0,1.0,1.0,0.0,2.0,0.56,Safe,Safe,0.43134716178302646,0,Safe,Safe
acct_001172,278.0,104.0,8.0,16.0,20.0,0.086,931411.7,8.0,4.64,Abusive,Abusive,0.5907923908208306,1,Abusive,Abusive
acct_001173,64.0,2.0,3.0,1.0,1.0,0.516,0.0,2.0,1.11,Safe,Safe,0.4615792587178847,0,Safe,Safe
acct_001174,25.0,1.0,2.0,1.0,1.0,1.0,0.0,2.0,0.45,Safe,Safe,0.4514833551598463,0,Safe,Safe
acct_001175,82.0,1.0,2.0,1.0,1.0,1.0,0.0,3.0,1.38,Safe,Potential Abuse,0.5141939835332082,0,Safe,Potential Abuse
acct_001176,41.0,4.0,2.0,2.0,2.0,0.585,1768.2,2.0,0.7,Safe,Potential Abuse,0.473593606628651,0,Safe,Safe
acct_001177,24.0,1.0,3.0,1.0,1.0,1.0,0.0,1.0,0.41,Safe,Safe,0.49793305623420175,0,Safe,Safe
acct_001178,32.0,1.0,3.0,1.0,1.0,1.0,0.0,2.0,0.58,Safe,Safe,0.43394413811158544,0,Safe,Safe
acct_001179,32.0,2.0,2.0,1.0,1.0,0.531,0.0,2.0,0.61,Safe,Safe,0.45139386146728677,0,Safe,Safe
acct_001180,81.0,2.0,3.0,1.0,1.0,0.519,0.0,2.0,1.4,Safe,Safe,0.49401635797691246,0,Safe,Safe
acct_001181,56.0,3.0,2.0,2.0,2.0,0.964,1067.6,3.0,0.94,Safe,Potential Abuse,0.4815392683234628,0,Safe,Safe
acct_001182,24.0,1.0,3.0,1.0,1.0,1.0,0.0,1.0,0.42,Safe,Safe,0.4942475518232648,0,Safe,Safe
acct_001183,48.0,2.0,1.0,2.0,2.0,0.979,14469.6,2.0,0.81,Safe,Potential Abuse,0.45986741893407596,0,Safe,Safe
acct_001184,64.0,2.0,1.0,1.0,1.0,0.516,0.0,3.0,1.1,Safe,Potential Abuse,0.5087288113914283,0,Safe,Potential Abuse
acct_001185,42.0,2.0,3.0,1.0,1.0,0.619,0.0,2.0,0.73,Safe,Safe,0.45869006889311387,0,Safe,Safe
acct_001186,33.0,2.0,3.0,1.0,2.0,0.97,15.7,2.0,0.62,Safe,Safe,0.4896612106043104,0,Safe,Safe
acct_001187,32.0,1.0,3.0,1.0,1.0,1.0,0.0,1.0,0.56,Safe,Safe,0.4838949022577242,0,Safe,Safe
acct_001188,56.0,5.0,4.0,3.0,3.0,0.321,6394.0,3.0,1.18,Potential Abuse,Potential Abuse,0.517026201258972,2,Potential Abuse,Potential Abuse
acct_001189,251.0,80.0,8.0,16.0,19.0,0.159,1017629.8,7.0,4.25,Abusive,Abusive,0.5825359744592817,1,Abusive,Abusive
acct_001190,126.0,12.0,4.0,8.0,9.0,0.278,358844.7,4.0,2.11,Potential Abuse,Abusive,0.5367532285464218,2,Potential Abuse,Potential Abuse
acct_001191,59.0,3.0,3.0,2.0,2.0,0.966,81507.8,2.0,1.04,Safe,Potential Abuse,0.4854804194468716,0,Safe,Safe
acct_001192,64.0,4.0,1.0,2.0,2.0,0.531,3632.4,2.0,1.08,Safe,Potential Abuse,0.46887638863534276,0,Safe,Safe
acct_001193,40.0,3.0,1.0,2.0,2.0,0.55,209.9,2.0,0.69,Safe,Potential Abuse,0.47049293972346695,0,Safe,Safe
acct_001194,72.0,6.0,5.0,6.0,6.0,0.5,209662.8,3.0,1.21,Potential Abuse,Potential Abuse,0.4631706184057477,2,Potential Abuse,Safe
acct_001195,57.0,2.0,2.0,2.0,2.0,0.982,8689.0,2.0,0.97,Safe,Potential Abuse,0.44074195131224086,0,Safe,Safe
acct_001196,56.0,3.0,3.0,3.0,3.0,0.964,1021.6,3.0,0.98,Safe,Potential Abuse,0.496458864839184,0,Safe,Safe
acct_001197,71.0,3.0,6.0,3.0,3.0,0.507,12405.9,3.0,1.21,Potential Abuse,Potential Abuse,0.5129216575961767,2,Potential Abuse,Potential Abuse
acct_001198,40.0,1.0,3.0,1.0,1.0,1.0,0.0,1.0,0.68,Safe,Safe,0.4912141189709517,0,Safe,Safe
acct_001199,56.0,3.0,1.0,2.0,2.0,0.536,1540.7,2.0,0.97,Safe,Potential Abuse,0.4452895478408448,0,Safe,Safe
acct_001200,56.0,2.0,1.0,1.0,1.0,0.554,0.0,2.0,0.96,Safe,Safe,0.45852660070115764,0,Safe,Safe
acct_001201,74.0,3.0,2.0,3.0,3.0,0.973,404060.3,3.0,1.28,Safe,Potential Abuse,0.5291114367016461,2,Potential Abuse,Potential Abuse
acct_001202,64.0,3.0,1.0,3.0,3.0,0.969,2218.3,2.0,1.11,Safe,Potential Abuse,0.48699212804586595,0,Safe,Safe
acct_001203,48.0,4.0,1.0,3.0,3.0,0.5,1245.6,2.0,0.83,Safe,Potential Abuse,0.4918955094802796,0,Safe,Safe
acct_001204,57.0,1.0,2.0,1.0,1.0,1.0,0.0,2.0,0.97,Safe,Safe,0.4150259618500121,0,Safe,Safe
acct_001205,60.0,11.0,5.0,7.0,7.0,0.333,332134.0,3.0,1.02,Potential Abuse,Potential Abuse,0.5077511069726626,2,Potential Abuse,Potential Abuse
acct_001206,297.0,96.0,7.0,16.0,20.0,0.091,1112232.4,10.0,5.01,Abusive,Abusive,0.6083862836047229,1,Abusive,Abusive
acct_001207,72.0,1.0,1.0,1.0,1.0,1.0,0.0,2.0,1.22,Safe,Safe,0.4516884012682007,0,Safe,Safe
acct_001208,74.0,2.0,2.0,1.0,1.0,0.608,0.0,2.0,1.33,Safe,Safe,0.46992240166354105,0,Safe,Safe
acct_001209,64.0,1.0,1.0,1.0,1.0,1.0,0.0,2.0,1.11,Safe,Safe,0.43423006284792476,0,Safe,Safe
acct_001210,40.0,2.0,2.0,1.0,1.0,0.55,0.0,1.0,0.68,Safe,Safe,0.49421834510642637,0,Safe,Safe
acct_001211,67.0,4.0,6.0,3.0,3.0,0.552,60368.0,3.0,1.19,Potential Abuse,Potential Abuse,0.5022130728819058,2,Potential Abuse,Potential Abuse
acct_001212,41.0,3.0,3.0,1.0,1.0,0.634,0.0,2.0,0.71,Safe,Potential Abuse,0.4927650754923821,0,Safe,Safe
acct_001213,56.0,2.0,2.0,2.0,2.0,0.982,13.9,2.0,0.98,Safe,Potential Abuse,0.4546050665249114,0,Safe,Safe
acct_001214,57.0,2.0,3.0,2.0,2.0,0.982,564.7,2.0,1.02,Safe,Potential Abuse,0.4302439263109954,0,Safe,Safe
acct_001215,24.0,1.0,1.0,1.0,1.0,1.0,0.0,1.0,0.48,Safe,Safe,0.49804730742268294,0,Safe,Safe
acct_001216,32.0,1.0,1.0,1.0,1.0,1.0,0.0,1.0,0.58,Safe,Safe,0.48595766734987816,0,Safe,Safe
acct_001217,81.0,2.0,3.0,2.0,2.0,0.988,334.1,3.0,1.35,Safe,Potential Abuse,0.4811536931810604,0,Safe,Safe
acct_001218,126.0,9.0,6.0,5.0,6.0,0.437,189533.8,4.0,2.12,Potential Abuse,Potential Abuse,0.5176840555573994,2,Potential Abuse,Potential Abuse
acct_001219,72.0,3.0,2.0,3.0,3.0,0.972,1676.5,2.0,1.25,Safe,Potential Abuse,0.4790564744480508,0,Safe,Safe
acct_001220,71.0,9.0,5.0,5.0,6.0,0.437,313276.2,3.0,1.19,Potential Abuse,Potential Abuse,0.4644269869472096,2,Potential Abuse,Safe
acct_001221,191.0,60.0,15.0,15.0,19.0,0.188,871458.7,6.0,3.21,Abusive,Abusive,0.6445799387792529,1,Abusive,Abusive
acct_001222,49.0,1.0,2.0,1.0,1.0,1.0,0.0,2.0,0.83,Safe,Safe,0.41826455842793286,0,Safe,Safe
acct_001223,118.0,12.0,3.0,8.0,8.0,0.263,70754.4,3.0,1.98,Potential Abuse,Abusive,0.5496004419613431,2,Potential Abuse,Potential Abuse
acct_001224,207.0,70.0,15.0,16.0,20.0,0.15,959325.3,8.0,3.48,Abusive,Abusive,0.6032761375895258,1,Abusive,Abusive
acct_001225,66.0,1.0,3.0,1.0,1.0,1.0,0.0,3.0,1.12,Safe,Potential Abuse,0.48815355667036836,0,Safe,Safe
acct_001226,113.0,6.0,6.0,4.0,4.0,0.434,68549.8,4.0,1.89,Potential Abuse,Potential Abuse,0.5314384458348301,2,Potential Abuse,Potential Abuse
acct_001227,45.0,5.0,4.0,5.0,5.0,0.533,6008.8,3.0,0.78,Potential Abuse,Potential Abuse,0.5001095359310082,2,Potential Abuse,Safe
acct_001228,282.0,95.0,7.0,16.0,20.0,0.17,1061079.3,12.0,4.74,Abusive,Abusive,0.6110280222990704,1,Abusive,Abusive
acct_001229,24.0,1.0,1.0,1.0,1.0,1.0,0.0,2.0,0.41,Safe,Safe,0.47242345049264045,0,Safe,Safe
acct_001230,67.0,2.0,3.0,1.0,1.0,0.507,0.0,3.0,1.14,Safe,Potential Abuse,0.5037650452033112,0,Safe,Potential Abuse
acct_001231,266.0,87.0,15.0,16.0,20.0,0.135,1017629.8,7.0,4.56,Abusive,Abusive,0.6049690858129038,1,Abusive,Abusive
acct_001232,48.0,3.0,1.0,2.0,2.0,0.521,415.4,2.0,0.81,Safe,Potential Abuse,0.45361128816053736,0,Safe,Safe
acct_001233,124.0,10.0,6.0,8.0,8.0,0.516,310545.7,4.0,2.08,Potential Abuse,Abusive,0.5174367349995439,2,Potential Abuse,Potential Abuse
acct_001234,40.0,1.0,1.0,1.0,1.0,1.0,0.0,1.0,0.68,Safe,Safe,0.4918357202518908,0,Safe,Safe
acct_001235,32.0,4.0,2.0,3.0,3.0,0.5,733.6,1.0,0.59,Safe,Potential Abuse,0.5391366897018035,0,Safe,Potential Abuse
acct_001236,25.0,1.0,3.0,1.0,1.0,1.0,0.0,2.0,0.46,Safe,Safe,0.45629080621108753,0,Safe,Safe
acct_001237,122.0,14.0,3.0,9.0,10.0,0.426,544186.1,4.0,2.08,Potential Abuse,Abusive,0.5415682791924413,2,Potential Abuse,Potential Abuse
acct_001238,80.0,2.0,3.0,2.0,2.0,0.988,273.0,2.0,1.36,Safe,Potential Abuse,0.4584430251077193,0,Safe,Safe
acct_001239,80.0,5.0,5.0,5.0,5.0,0.538,154076.5,3.0,1.47,Potential Abuse,Potential Abuse,0.4650869445159421,2,Potential Abuse,Safe
acct_001240,49.0,2.0,3.0,2.0,2.0,0.98,76060.5,2.0,0.83,Safe,Potential Abuse,0.4773480510544497,0,Safe,Safe
acct_001241,25.0,3.0,3.0,1.0,1.0,0.48,0.0,2.0,0.42,Safe,Potential Abuse,0.5260610264144493,0,Safe,Potential Abuse
acct_001242,56.0,1.0,1.0,1.0,1.0,1.0,0.0,2.0,0.94,Safe,Safe,0.42902761129663436,0,Safe,Safe
acct_001243,81.0,2.0,3.0,2.0,2.0,0.988,172.6,2.0,1.38,Safe,Potential Abuse,0.46628999593133946,0,Safe,Safe
acct_001244,64.0,3.0,3.0,2.0,2.0,0.516,335.6,2.0,1.11,Safe,Potential Abuse,0.4473574575474534,0,Safe,Safe
acct_001245,48.0,1.0,3.0,1.0,1.0,1.0,0.0,2.0,0.85,Safe,Safe,0.4345839932856825,0,Safe,Safe
acct_001246,116.0,6.0,6.0,5.0,5.0,0.517,146056.3,4.0,1.94,Potential Abuse,Potential Abuse,0.51550069745715,2,Potential Abuse,Potential Abuse
acct_001247,24.0,1.0,2.0,1.0,1.0,1.0,0.0,1.0,0.43,Safe,Safe,0.48324561384500886,0,Safe,Safe
acct_001248,82.0,2.0,3.0,1.0,1.0,0.573,0.0,3.0,1.38,Safe,Potential Abuse,0.5211330652753101,0,Safe,Potential Abuse
acct_001249,56.0,4.0,2.0,3.0,3.0,0.5,4966.1,2.0,1.01,Safe,Potential Abuse,0.474175331833031,2,Potential Abuse,Safe
acct_001250,57.0,1.0,2.0,1.0,1.0,1.0,0.0,2.0,0.96,Safe,Safe,0.41587128332631224,0,Safe,Safe
acct_001251,48.0,2.0,3.0,2.0,2.0,0.979,3765.3,2.0,0.8,Safe,Potential Abuse,0.4425131932825227,0,Safe,Safe
acct_001252,24.0,2.0,3.0,1.0,1.0,0.625,0.0,1.0,0.42,Safe,Safe,0.5229617433937735,0,Safe,Potential Abuse
acct_001253,88.0,11.0,5.0,9.0,9.0,0.477,112189.9,3.0,1.48,Potential Abuse,Abusive,0.5085435500153355,2,Potential Abuse,Potential Abuse
acct_001254,64.0,2.0,3.0,2.0,2.0,0.984,60.7,2.0,1.14,Safe,Potential Abuse,0.455740923186414,0,Safe,Safe
acct_001255,193.0,77.0,15.0,15.0,19.0,0.233,1000465.4,8.0,3.3,Abusive,Abusive,0.6407271871817737,1,Abusive,Abusive
acct_001256,40.0,1.0,1.0,1.0,1.0,1.0,0.0,2.0,0.72,Safe,Safe,0.4319325738287997,0,Safe,Safe
acct_001257,127.0,5.0,4.0,4.0,4.0,0.52,40531.0,3.0,2.16,Potential Abuse,Potential Abuse,0.5272073003198127,2,Potential Abuse,Potential Abuse
acct_001258,93.0,9.0,6.0,8.0,8.0,0.484,123966.1,3.0,1.55,Potential Abuse,Abusive,0.4999577672453882,2,Potential Abuse,Safe
acct_001259,41.0,1.0,3.0,1.0,1.0,1.0,0.0,2.0,0.7,Safe,Safe,0.4319534339577651,0,Safe,Safe
acct_001260,68.0,8.0,3.0,5.0,6.0,0.471,366785.3,4.0,1.18,Potential Abuse,Potential Abuse,0.4792044583089151,2,Potential Abuse,Safe
acct_001261,64.0,2.0,1.0,1.0,1.0,0.547,0.0,2.0,1.1,Safe,Safe,0.45855661018838917,0,Safe,Safe
acct_001262,72.0,2.0,1.0,1.0,1.0,0.528,0.0,2.0,1.22,Safe,Safe,0.4710208678653416,0,Safe,Safe
acct_001263,64.0,3.0,1.0,3.0,3.0,0.969,821.1,2.0,1.09,Safe,Potential Abuse,0.4887390407146554,0,Safe,Safe
acct_001264,51.0,2.0,2.0,2.0,2.0,0.98,505.1,2.0,0.85,Safe,Potential Abuse,0.4259779891489578,0,Safe,Safe
acct_001265,67.0,6.0,6.0,4.0,4.0,0.507,401808.6,3.0,1.12,Potential Abuse,Potential Abuse,0.48099739323462687,2,Potential Abuse,Safe
acct_001266,24.0,1.0,2.0,1.0,1.0,1.0,0.0,2.0,0.46,Safe,Safe,0.44781852265799954,0,Safe,Safe
acct_001267,70.0,6.0,5.0,3.0,5.0,0.5,52503.4,3.0,1.18,Potential Abuse,Potential Abuse,0.47600085881199733,2,Potential Abuse,Safe
acct_001268,393.0,122.0,9.0,16.0,20.0,0.165,904311.7,8.0,6.56,Abusive,Abusive,0.632289759640368,1,Abusive,Abusive
acct_001269,59.0,2.0,3.0,2.0,2.0,0.983,758.2,2.0,1.05,Safe,Potential Abuse,0.43066899199532777,0,Safe,Safe
acct_001270,81.0,5.0,2.0,4.0,4.0,0.543,19073.8,2.0,1.39,Safe,Potential Abuse,0.4956395778649591,2,Potential Abuse,Safe
acct_001271,40.0,1.0,2.0,1.0,1.0,1.0,0.0,1.0,0.68,Safe,Safe,0.48151764302212197,0,Safe,Safe
acct_001272,124.0,6.0,4.0,5.0,5.0,0.5,352953.3,3.0,2.09,Potential Abuse,Potential Abuse,0.5022234988861491,2,Potential Abuse,Potential Abuse
acct_001273,24.0,3.0,1.0,1.0,1.0,0.5,0.0,2.0,0.52,Safe,Potential Abuse,0.5215377452056701,0,Safe,Potential Abuse
acct_001274,40.0,1.0,1.0,1.0,1.0,1.0,0.0,3.0,0.72,Safe,Potential Abuse,0.4996345273523923,0,Safe,Safe
acct_001275,118.0,6.0,3.0,4.0,4.0,0.483,1019636.0,5.0,1.98,Potential Abuse,Potential Abuse,0.5564939557410614,2,Potential Abuse,Potential Abuse
acct_001276,107.0,10.0,4.0,6.0,7.0,0.421,771154.4,3.0,1.81,Potential Abuse,Potential Abuse,0.4943402794710177,2,Potential Abuse,Safe
acct_001277,64.0,2.0,3.0,1.0,1.0,0.578,0.0,2.0,1.07,Safe,Safe,0.45912331661628275,0,Safe,Safe
acct_001278,40.0,1.0,2.0,1.0,1.0,1.0,0.0,2.0,0.72,Safe,Safe,0.421070810080461,0,Safe,Safe
acct_001279,48.0,2.0,3.0,1.0,1.0,0.604,0.0,2.0,0.86,Safe,Safe,0.4526956655794775,0,Safe,Safe
acct_001280,33.0,2.0,3.0,1.0,1.0,0.545,0.0,2.0,0.57,Safe,Safe,0.46159805163645345,0,Safe,Safe
acct_001281,76.0,12.0,4.0,8.0,8.0,0.329,529163.6,3.0,1.37,Potential Abuse,Abusive,0.5197639400231315,2,Potential Abuse,Potential Abuse
acct_001282,72.0,2.0,3.0,2.0,2.0,0.986,166.0,2.0,1.23,Safe,Potential Abuse,0.4523408993814245,0,Safe,Safe
acct_001283,75.0,1.0,2.0,1.0,1.0,1.0,0.0,3.0,1.28,Safe,Potential Abuse,0.494697564452689,0,Safe,Safe
acct_001284,32.0,1.0,1.0,1.0,1.0,1.0,0.0,2.0,0.59,Safe,Safe,0.4396048674388652,0,Safe,Safe
acct_001285,25.0,1.0,2.0,1.0,1.0,1.0,0.0,2.0,0.46,Safe,Safe,0.449330768468086,0,Safe,Safe
acct_001286,32.0,2.0,1.0,1.0,1.0,0.531,0.0,2.0,0.57,Safe,Safe,0.4672935981708316,0,Safe,Safe
acct_001287,42.0,4.0,5.0,3.0,3.0,0.595,14586.4,2.0,0.71,Potential Abuse,Potential Abuse,0.5151664606382328,2,Potential Abuse,Potential Abuse
acct_001288,73.0,3.0,3.0,3.0,3.0,0.973,4083.7,2.0,1.29,Safe,Potential Abuse,0.47988726223216843,0,Safe,Safe
acct_001289,41.0,1.0,3.0,1.0,1.0,1.0,0.0,2.0,0.75,Safe,Safe,0.43503666655677026,0,Safe,Safe
acct_001290,122.0,8.0,3.0,5.0,6.0,0.492,535723.8,3.0,2.05,Potential Abuse,Potential Abuse,0.5025638509494239,2,Potential Abuse,Potential Abuse
acct_001291,53.0,8.0,6.0,5.0,5.0,0.377,40355.6,3.0,0.92,Potential Abuse,Potential Abuse,0.5091715479981507,2,Potential Abuse,Potential Abuse
acct_001292,34.0,3.0,3.0,2.0,2.0,0.529,2973.0,3.0,0.61,Safe,Potential Abuse,0.4905955546610594,0,Safe,Safe
acct_001293,32.0,2.0,2.0,2.0,2.0,0.969,40.6,1.0,0.55,Safe,Potential Abuse,0.5189734014203528,0,Safe,Potential Abuse
acct_001294,56.0,2.0,2.0,2.0,2.0,0.982,4365.4,2.0,0.95,Safe,Potential Abuse,0.43270062401641307,0,Safe,Safe
acct_001295,64.0,2.0,1.0,1.0,1.0,0.609,0.0,2.0,1.09,Safe,Safe,0.46254385860079994,0,Safe,Safe
acct_001296,57.0,3.0,3.0,2.0,2.0,0.491,7334.8,2.0,0.99,Safe,Potential Abuse,0.453820755395693,0,Safe,Safe
acct_001297,81.0,4.0,3.0,4.0,4.0,0.963,26493.6,3.0,1.39,Safe,Potential Abuse,0.5199659503207702,2,Potential Abuse,Potential Abuse
acct_001298,24.0,1.0,2.0,1.0,1.0,1.0,0.0,1.0,0.48,Safe,Safe,0.48702504525478824,0,Safe,Safe
acct_001299,72.0,1.0,2.0,1.0,1.0,1.0,0.0,3.0,1.22,Safe,Potential Abuse,0.4878760474544363,0,Safe,Safe
acct_001300,80.0,5.0,2.0,3.0,3.0,0.488,877.8,2.0,1.41,Safe,Potential Abuse,0.4979873728527725,2,Potential Abuse,Safe
acct_001301,48.0,1.0,1.0,1.0,1.0,1.0,0.0,2.0,0.82,Safe,Safe,0.4274290935009448,0,Safe,Safe
acct_001302,25.0,1.0,3.0,1.0,1.0,1.0,0.0,2.0,0.52,Safe,Safe,0.45145558727256535,0,Safe,Safe
acct_001303,57.0,1.0,2.0,1.0,1.0,1.0,0.0,3.0,1.01,Safe,Potential Abuse,0.47931708476919066,0,Safe,Safe
acct_001304,67.0,9.0,6.0,6.0,6.0,0.328,871458.7,3.0,1.12,Potential Abuse,Potential Abuse,0.5135785581823316,2,Potential Abuse,Potential Abuse
acct_001305,34.0,2.0,2.0,2.0,2.0,0.971,3147.8,2.0,0.59,Safe,Potential Abuse,0.46504925554116383,0,Safe,Safe
acct_001306,180.0,67.0,9.0,16.0,20.0,0.194,1017629.8,7.0,3.13,Abusive,Abusive,0.5905946772618776,1,Abusive,Abusive
acct_001307,56.0,1.0,1.0,1.0,1.0,1.0,0.0,2.0,1.0,Safe,Safe,0.42906878979095103,0,Safe,Safe
acct_001308,86.0,6.0,4.0,6.0,6.0,0.523,124218.3,3.0,1.45,Potential Abuse,Potential Abuse,0.464712127600562,2,Potential Abuse,Safe
acct_001309,91.0,10.0,4.0,6.0,6.0,0.385,129617.4,3.0,1.59,Potential Abuse,Potential Abuse,0.4838124529404162,2,Potential Abuse,Safe
acct_001310,48.0,6.0,1.0,4.0,5.0,0.5,1415.2,2.0,0.83,Safe,Potential Abuse,0.5247655003972933,2,Potential Abuse,Potential Abuse
acct_001311,118.0,9.0,5.0,8.0,8.0,0.492,160686.1,3.0,1.97,Potential Abuse,Abusive,0.49852447311364384,2,Potential Abuse,Safe
acct_001312,24.0,2.0,1.0,1.0,1.0,0.583,0.0,1.0,0.47,Safe,Safe,0.5212563947720242,0,Safe,Potential Abuse
acct_001313,24.0,2.0,1.0,1.0,1.0,0.625,0.0,1.0,0.41,Safe,Safe,0.5315547409192387,0,Safe,Potential Abuse
acct_001314,105.0,7.0,5.0,6.0,7.0,0.543,249415.8,4.0,1.77,Potential Abuse,Potential Abuse,0.48770240563456785,2,Potential Abuse,Safe
acct_001315,24.0,2.0,3.0,1.0,1.0,0.5,0.0,1.0,0.42,Safe,Safe,0.5309396902828295,0,Safe,Potential Abuse
acct_001316,24.0,2.0,1.0,1.0,1.0,0.542,0.0,2.0,0.42,Safe,Safe,0.4891086569907597,0,Safe,Safe
acct_001317,57.0,2.0,3.0,1.0,1.0,0.632,0.0,2.0,0.97,Safe,Safe,0.46343574707939106,0,Safe,Safe
acct_001318,32.0,1.0,3.0,1.0,1.0,1.0,0.0,2.0,0.55,Safe,Safe,0.4362243396613278,0,Safe,Safe
acct_001319,57.0,2.0,2.0,2.0,2.0,0.982,1446.2,3.0,1.01,Safe,Potential Abuse,0.46777151568692454,0,Safe,Safe
acct_001320,80.0,3.0,3.0,3.0,3.0,0.975,4761.3,2.0,1.37,Safe,Potential Abuse,0.4856724238236831,0,Safe,Safe
acct_001321,32.0,1.0,3.0,1.0,1.0,1.0,0.0,2.0,0.56,Safe,Safe,0.4352109166389675,0,Safe,Safe
acct_001322,126.0,10.0,4.0,7.0,8.0,0.532,76682.3,3.0,2.13,Potential Abuse,Potential Abuse,0.5103451909581408,2,Potential Abuse,Potential Abuse
acct_001323,316.0,115.0,11.0,16.0,20.0,0.12,919949.9,7.0,5.36,Abusive,Abusive,0.5960978602279159,1,Abusive,Abusive
acct_001324,72.0,3.0,1.0,2.0,2.0,0.514,661.3,2.0,1.21,Safe,Potential Abuse,0.4515271771909031,0,Safe,Safe
acct_001325,72.0,2.0,1.0,2.0,2.0,0.986,439.7,3.0,1.24,Safe,Potential Abuse,0.4826092542534132,0,Safe,Safe
acct_001326,73.0,2.0,2.0,2.0,2.0,0.986,727.5,2.0,1.23,Safe,Potential Abuse,0.4352250041742541,0,Safe,Safe
acct_001327,65.0,8.0,6.0,5.0,5.0,0.477,707609.9,5.0,1.21,Potential Abuse,Potential Abuse,0.51715412150145,2,Potential Abuse,Potential Abuse
acct_001328,40.0,1.0,2.0,1.0,1.0,1.0,0.0,1.0,0.72,Safe,Safe,0.4822380041146785,0,Safe,Safe
acct_001329,60.0,4.0,4.0,3.0,3.0,0.633,8033.4,3.0,1.01,Potential Abuse,Potential Abuse,0.486997835841392,2,Potential Abuse,Safe
acct_001330,32.0,2.0,3.0,1.0,1.0,0.531,0.0,1.0,0.55,Safe,Safe,0.5016377400382864,0,Safe,Potential Abuse
acct_001331,24.0,1.0,3.0,1.0,1.0,1.0,0.0,2.0,0.43,Safe,Safe,0.45659527870720695,0,Safe,Safe
acct_001332,80.0,1.0,2.0,1.0,1.0,1.0,0.0,3.0,1.35,Safe,Potential Abuse,0.5055459334246364,0,Safe,Potential Abuse
acct_001333,33.0,3.0,3.0,2.0,2.0,0.606,1391.8,2.0,0.59,Safe,Potential Abuse,0.47044244010368313,0,Safe,Safe
acct_001334,104.0,9.0,5.0,7.0,7.0,0.471,551775.2,3.0,1.77,Potential Abuse,Potential Abuse,0.4769108408398026,2,Potential Abuse,Safe
acct_001335,56.0,1.0,1.0,1.0,1.0,1.0,0.0,2.0,0.98,Safe,Safe,0.4275132220426005,0,Safe,Safe
acct_001336,56.0,3.0,3.0,3.0,3.0,0.964,2834.0,2.0,0.96,Safe,Potential Abuse,0.4776912600304754,0,Safe,Safe
acct_001337,58.0,1.0,2.0,1.0,1.0,1.0,0.0,2.0,1.03,Safe,Safe,0.42209101269699423,0,Safe,Safe
acct_001338,181.0,69.0,12.0,16.0,20.0,0.155,1017629.8,7.0,3.04,Abusive,Abusive,0.5926833176425041,1,Abusive,Abusive
acct_001339,56.0,2.0,2.0,2.0,2.0,0.982,240.8,2.0,0.96,Safe,Potential Abuse,0.43198390714857654,0,Safe,Safe
acct_001340,56.0,1.0,1.0,1.0,1.0,1.0,0.0,2.0,0.95,Safe,Safe,0.4280879097138274,0,Safe,Safe
acct_001341,110.0,11.0,3.0,9.0,10.0,0.491,112148.7,3.0,1.88,Potential Abuse,Abusive,0.5273607198078224,2,Potential Abuse,Potential Abuse
acct_001342,72.0,1.0,1.0,1.0,1.0,1.0,0.0,2.0,1.27,Safe,Safe,0.4558230917634032,0,Safe,Safe
acct_001343,47.0,7.0,6.0,5.0,6.0,0.426,242133.6,3.0,0.86,Potential Abuse,Potential Abuse,0.49530685792955786,2,Potential Abuse,Safe
acct_001344,65.0,1.0,3.0,1.0,1.0,1.0,0.0,2.0,1.11,Safe,Safe,0.43708088587980964,0,Safe,Safe
acct_001345,126.0,9.0,4.0,8.0,8.0,0.571,84767.9,3.0,2.12,Potential Abuse,Abusive,0.5198405010678989,2,Potential Abuse,Potential Abuse
acct_001346,33.0,1.0,3.0,1.0,1.0,1.0,0.0,2.0,0.58,Safe,Safe,0.4335874125080153,0,Safe,Safe
acct_001347,327.0,120.0,7.0,16.0,20.0,0.125,1061079.3,10.0,5.57,Abusive,Abusive,0.5971305629175291,1,Abusive,Abusive
acct_001348,32.0,1.0,1.0,1.0,1.0,1.0,0.0,2.0,0.54,Safe,Safe,0.44326196147714203,0,Safe,Safe
acct_001349,128.0,8.0,5.0,7.0,7.0,0.469,326421.2,3.0,2.2,Potential Abuse,Potential Abuse,0.49509240789963804,2,Potential Abuse,Safe
acct_001350,68.0,5.0,3.0,5.0,5.0,0.515,16607.9,4.0,1.16,Potential Abuse,Potential Abuse,0.4904998141154365,2,Potential Abuse,Safe
acct_001351,57.0,3.0,3.0,2.0,2.0,0.965,2028.2,3.0,0.98,Safe,Potential Abuse,0.4773428922786423,0,Safe,Safe
acct_001352,382.0,105.0,8.0,16.0,20.0,0.154,996402.1,11.0,6.41,Abusive,Abusive,0.6243605521757788,1,Abusive,Abusive
acct_001353,44.0,4.0,4.0,2.0,3.0,0.591,1814.9,3.0,0.76,Potential Abuse,Potential Abuse,0.4983758628610159,0,Safe,Safe
acct_001354,421.0,136.0,12.0,16.0,20.0,0.095,1017629.8,12.0,7.09,Abusive,Abusive,0.683907099961232,1,Abusive,Abusive
acct_001355,129.0,7.0,4.0,6.0,6.0,0.527,217034.7,4.0,2.21,Potential Abuse,Potential Abuse,0.512006272638605,2,Potential Abuse,Potential Abuse
acct_001356,40.0,3.0,3.0,2.0,2.0,0.525,748.0,3.0,0.73,Safe,Potential Abuse,0.478520129740095,0,Safe,Safe
acct_001357,83.0,8.0,6.0,6.0,6.0,0.386,77936.2,3.0,1.4,Potential Abuse,Potential Abuse,0.48622455536965487,2,Potential Abuse,Safe
acct_001358,40.0,3.0,3.0,1.0,2.0,0.65,51.4,1.0,0.68,Safe,Potential Abuse,0.532127010614156,0,Safe,Potential Abuse
acct_001359,392.0,130.0,8.0,16.0,20.0,0.125,865158.8,12.0,6.61,Abusive,Abusive,0.6644502026215112,1,Abusive,Abusive
acct_001360,49.0,3.0,2.0,2.0,2.0,0.51,385.7,2.0,0.85,Safe,Potential Abuse,0.4441645131139569,0,Safe,Safe
acct_001361,59.0,1.0,2.0,1.0,1.0,1.0,0.0,2.0,0.99,Safe,Safe,0.4192517243134952,0,Safe,Safe
acct_001362,33.0,1.0,3.0,1.0,1.0,1.0,0.0,3.0,0.56,Safe,Potential Abuse,0.49945108227427637,0,Safe,Safe
acct_001363,56.0,2.0,1.0,2.0,2.0,0.982,1665.6,2.0,0.96,Safe,Potential Abuse,0.4372951744846888,0,Safe,Safe
acct_001364,24.0,2.0,3.0,2.0,2.0,0.958,330.8,1.0,0.44,Safe,Potential Abuse,0.5339492930314534,0,Safe,Potential Abuse
acct_001365,64.0,8.0,6.0,6.0,6.0,0.344,332127.7,4.0,1.09,Potential Abuse,Potential Abuse,0.5100939027394025,2,Potential Abuse,Potential Abuse
acct_001366,56.0,3.0,3.0,2.0,2.0,0.5,1043.7,2.0,0.99,Safe,Potential Abuse,0.4446089302736493,0,Safe,Safe
acct_001367,230.0,81.0,7.0,16.0,20.0,0.17,983647.9,10.0,3.89,Abusive,Abusive,0.5832005257491265,1,Abusive,Abusive
acct_001368,73.0,6.0,3.0,4.0,5.0,0.548,56695.1,3.0,1.29,Potential Abuse,Potential Abuse,0.46401085062292596,2,Potential Abuse,Safe
acct_001369,64.0,2.0,1.0,1.0,1.0,0.516,0.0,2.0,1.1,Safe,Safe,0.4616793214709109,0,Safe,Safe
acct_001370,63.0,7.0,6.0,5.0,6.0,0.492,293442.8,4.0,1.15,Potential Abuse,Potential Abuse,0.4882222942294057,2,Potential Abuse,Safe
acct_001371,292.0,81.0,11.0,16.0,20.0,0.182,983647.9,9.0,4.92,Abusive,Abusive,0.5782102944236372,1,Abusive,Abusive
acct_001372,176.0,62.0,9.0,14.0,18.0,0.136,1061079.3,6.0,2.98,Abusive,Abusive,0.6352944234152996,1,Abusive,Abusive
acct_001373,24.0,1.0,1.0,1.0,1.0,1.0,0.0,1.0,0.44,Safe,Safe,0.49229563876924354,0,Safe,Safe
acct_001374,40.0,2.0,3.0,1.0,1.0,0.6,0.0,2.0,0.68,Safe,Safe,0.45331925723417027,0,Safe,Safe
acct_001375,130.0,10.0,3.0,7.0,8.0,0.469,450016.6,4.0,2.21,Potential Abuse,Potential Abuse,0.5123189215405406,2,Potential Abuse,Potential Abuse
acct_001376,32.0,1.0,3.0,1.0,1.0,1.0,0.0,3.0,0.55,Safe,Potential Abuse,0.5003308913766541,0,Safe,Safe
acct_001377,25.0,1.0,2.0,1.0,1.0,1.0,0.0,2.0,0.46,Safe,Safe,0.449330768468086,0,Safe,Safe
acct_001378,42.0,2.0,2.0,1.0,1.0,0.738,0.0,2.0,0.74,Safe,Safe,0.4627208583285714,0,Safe,Safe
acct_001379,95.0,6.0,5.0,4.0,4.0,0.558,615171.9,4.0,1.6,Potential Abuse,Potential Abuse,0.49606310786415203,2,Potential Abuse,Safe
acct_001380,42.0,1.0,3.0,1.0,1.0,1.0,0.0,2.0,0.72,Safe,Safe,0.4356086185388731,0,Safe,Safe
acct_001381,32.0,1.0,1.0,1.0,1.0,1.0,0.0,2.0,0.55,Safe,Safe,0.4424089663808889,0,Safe,Safe
acct_001382,32.0,2.0,1.0,1.0,1.0,0.531,0.0,2.0,0.56,Safe,Safe,0.46798766945110015,0,Safe,Safe
acct_001383,65.0,2.0,3.0,2.0,2.0,0.985,3642.9,2.0,1.15,Safe,Potential Abuse,0.4357984943759827,0,Safe,Safe
acct_001384,64.0,1.0,1.0,1.0,1.0,1.0,0.0,2.0,1.1,Safe,Safe,0.43216001680720706,0,Safe,Safe
acct_001385,32.0,1.0,1.0,1.0,1.0,1.0,0.0,2.0,0.61,Safe,Safe,0.4396033552854398,0,Safe,Safe
acct_001386,64.0,2.0,3.0,2.0,2.0,0.984,562.5,2.0,1.08,Safe,Potential Abuse,0.4315448841681812,0,Safe,Safe
acct_001387,80.0,1.0,2.0,1.0,1.0,1.0,0.0,2.0,1.37,Safe,Safe,0.46672342702569497,0,Safe,Safe
acct_001388,25.0,3.0,2.0,3.0,3.0,0.92,55177.5,2.0,0.44,Safe,Potential Abuse,0.557142385968674,0,Safe,Potential Abuse
acct_001389,40.0,3.0,1.0,2.0,2.0,0.55,537.2,2.0,0.68,Safe,Potential Abuse,0.4655886026445872,0,Safe,Safe
acct_001390,64.0,1.0,1.0,1.0,1.0,1.0,0.0,2.0,1.1,Safe,Safe,0.43216001680720706,0,Safe,Safe
acct_001391,56.0,1.0,1.0,1.0,1.0,1.0,0.0,2.0,0.95,Safe,Safe,0.4280879097138274,0,Safe,Safe
acct_001392,64.0,2.0,1.0,2.0,2.0,0.984,58543.6,2.0,1.1,Safe,Potential Abuse,0.47652766492653453,0,Safe,Safe
acct_001393,80.0,5.0,3.0,5.0,5.0,0.95,4364.6,2.0,1.35,Safe,Potential Abuse,0.5333640577609498,2,Potential Abuse,Potential Abuse
acct_001394,131.0,9.0,5.0,6.0,7.0,0.496,75547.1,4.0,2.2,Potential Abuse,Potential Abuse,0.5050203110334096,2,Potential Abuse,Potential Abuse
acct_001395,72.0,2.0,2.0,1.0,1.0,0.556,0.0,2.0,1.23,Safe,Safe,0.4581068807076498,0,Safe,Safe
acct_001396,25.0,1.0,2.0,1.0,1.0,1.0,0.0,2.0,0.49,Safe,Safe,0.4481234204253434,0,Safe,Safe
acct_001397,48.0,2.0,2.0,1.0,1.0,0.562,0.0,2.0,0.84,Safe,Safe,0.43933845567075325,0,Safe,Safe
acct_001398,80.0,1.0,3.0,1.0,1.0,1.0,0.0,2.0,1.34,Safe,Safe,0.4717044796371033,0,Safe,Safe
acct_001399,49.0,2.0,2.0,2.0,2.0,0.98,343.0,2.0,0.84,Safe,Potential Abuse,0.4279212537209087,0,Safe,Safe
acct_001400,24.0,1.0,1.0,1.0,1.0,1.0,0.0,2.0,0.42,Safe,Safe,0.4687334531699941,0,Safe,Safe
acct_001401,57.0,1.0,2.0,1.0,1.0,1.0,0.0,2.0,0.96,Safe,Safe,0.41587128332631224,0,Safe,Safe
acct_001402,52.0,5.0,3.0,3.0,3.0,0.423,245581.8,4.0,0.87,Potential Abuse,Potential Abuse,0.5133164250720844,2,Potential Abuse,Potential Abuse
acct_001403,80.0,6.0,4.0,5.0,5.0,0.488,265043.8,3.0,1.38,Potential Abuse,Potential Abuse,0.4508180277858066,2,Potential Abuse,Safe
acct_001404,48.0,2.0,1.0,2.0,2.0,0.979,1313.0,2.0,0.81,Safe,Potential Abuse,0.4383512484570387,0,Safe,Safe
acct_001405,24.0,1.0,2.0,1.0,1.0,1.0,0.0,2.0,0.41,Safe,Safe,0.4580687726235148,0,Safe,Safe
acct_001406,67.0,3.0,2.0,2.0,2.0,0.507,1647.3,2.0,1.13,Safe,Potential Abuse,0.4414514799052098,0,Safe,Safe
acct_001407,65.0,3.0,3.0,3.0,3.0,0.969,7291.0,2.0,1.11,Safe,Potential Abuse,0.4788739952566002,0,Safe,Safe
acct_001408,72.0,3.0,1.0,3.0,3.0,0.972,400.3,2.0,1.24,Safe,Potential Abuse,0.49711043090257323,0,Safe,Safe
acct_001409,32.0,2.0,3.0,1.0,1.0,0.594,0.0,1.0,0.54,Safe,Safe,0.5040993728924263,0,Safe,Potential Abuse
acct_001410,66.0,9.0,3.0,7.0,7.0,0.439,614415.0,4.0,1.11,Potential Abuse,Potential Abuse,0.5018397159510882,2,Potential Abuse,Potential Abuse
acct_001411,53.0,6.0,3.0,6.0,6.0,0.472,47647.3,3.0,0.94,Potential Abuse,Potential Abuse,0.49257025863551995,2,Potential Abuse,Safe
acct_001412,40.0,2.0,3.0,1.0,1.0,0.575,0.0,2.0,0.69,Safe,Safe,0.44918623644576555,0,Safe,Safe
acct_001413,24.0,1.0,1.0,1.0,1.0,1.0,0.0,1.0,0.44,Safe,Safe,0.49229563876924354,0,Safe,Safe
acct_001414,354.0,126.0,11.0,16.0,20.0,0.105,1000465.4,7.0,5.91,Abusive,Abusive,0.6237372191994711,1,Abusive,Abusive
acct_001415,33.0,2.0,3.0,2.0,2.0,0.97,367.3,2.0,0.58,Safe,Potential Abuse,0.4646907736282736,0,Safe,Safe
acct_001416,80.0,3.0,3.0,3.0,3.0,0.975,424041.1,3.0,1.38,Safe,Potential Abuse,0.5223364522350578,2,Potential Abuse,Potential Abuse
acct_001417,304.0,88.0,12.0,16.0,20.0,0.105,1017629.8,10.0,5.14,Abusive,Abusive,0.5995577205954712,1,Abusive,Abusive
acct_001418,40.0,2.0,3.0,1.0,1.0,0.5,0.0,2.0,0.69,Safe,Safe,0.4611604827997619,0,Safe,Safe
acct_001419,119.0,12.0,4.0,9.0,11.0,0.504,377169.0,4.0,2.0,Potential Abuse,Abusive,0.5284182305639272,2,Potential Abuse,Potential Abuse
acct_001420,33.0,3.0,3.0,2.0,2.0,0.485,2029.7,2.0,0.57,Safe,Potential Abuse,0.4750011349879973,0,Safe,Safe
acct_001421,72.0,2.0,3.0,1.0,2.0,0.986,76.0,2.0,1.25,Safe,Safe,0.47926872403709003,0,Safe,Safe
acct_001422,24.0,2.0,2.0,2.0,2.0,0.958,102.8,1.0,0.46,Safe,Potential Abuse,0.5352425915135046,0,Safe,Potential Abuse
acct_001423,72.0,3.0,2.0,2.0,2.0,0.542,1663.8,2.0,1.21,Safe,Potential Abuse,0.43918974357773016,0,Safe,Safe
acct_001424,65.0,9.0,5.0,5.0,6.0,0.538,14003.5,4.0,1.13,Potential Abuse,Potential Abuse,0.5069018897853946,2,Potential Abuse,Potential Abuse
acct_001425,48.0,3.0,2.0,2.0,2.0,0.562,2409.6,2.0,0.81,Safe,Potential Abuse,0.4404469691410159,0,Safe,Safe
acct_001426,67.0,2.0,3.0,2.0,2.0,0.985,242.8,2.0,1.15,Safe,Potential Abuse,0.4416577784869676,0,Safe,Safe
acct_001427,32.0,1.0,1.0,1.0,1.0,1.0,0.0,1.0,0.59,Safe,Safe,0.4881688922842668,0,Safe,Safe
acct_001428,66.0,2.0,2.0,2.0,2.0,0.985,3201.5,3.0,1.14,Safe,Potential Abuse,0.46884979625866,0,Safe,Safe
acct_001429,56.0,1.0,2.0,1.0,1.0,1.0,0.0,2.0,0.94,Safe,Safe,0.4170650838902884,0,Safe,Safe
acct_001430,45.0,4.0,5.0,3.0,3.0,0.444,4948.9,3.0,0.78,Potential Abuse,Potential Abuse,0.5097121247232832,2,Potential Abuse,Potential Abuse
acct_001431,246.0,97.0,10.0,16.0,20.0,0.089,1061079.3,9.0,4.11,Abusive,Abusive,0.594785944815588,1,Abusive,Abusive
acct_001432,311.0,106.0,7.0,16.0,20.0,0.116,1000465.4,9.0,5.29,Abusive,Abusive,0.579632471984227,1,Abusive,Abusive
acct_001433,400.0,126.0,12.0,16.0,20.0,0.205,959220.5,8.0,6.75,Abusive,Abusive,0.6498646450672093,1,Abusive,Abusive
acct_001434,32.0,2.0,3.0,1.0,1.0,0.531,0.0,2.0,0.58,Safe,Safe,0.4605700204154382,0,Safe,Safe
acct_001435,81.0,2.0,2.0,1.0,1.0,0.988,0.0,2.0,1.38,Safe,Safe,0.491190345148955,0,Safe,Safe
acct_001436,32.0,2.0,3.0,1.0,1.0,0.719,0.0,1.0,0.55,Safe,Safe,0.5140913840913343,0,Safe,Potential Abuse
acct_001437,72.0,1.0,2.0,1.0,1.0,1.0,0.0,2.0,1.21,Safe,Safe,0.43797817435289077,0,Safe,Safe
acct_001438,55.0,7.0,5.0,7.0,7.0,0.527,94018.9,3.0,0.96,Potential Abuse,Potential Abuse,0.486985249699258,2,Potential Abuse,Safe
acct_001439,24.0,2.0,3.0,2.0,2.0,0.958,37.4,2.0,0.42,Safe,Potential Abuse,0.5146665319196818,0,Safe,Potential Abuse
acct_001440,387.0,114.0,8.0,16.0,20.0,0.114,1061079.3,13.0,6.59,Abusive,Abusive,0.6478530768688567,1,Abusive,Abusive
acct_001441,64.0,4.0,1.0,3.0,3.0,0.5,1480.9,2.0,1.09,Safe,Potential Abuse,0.48837623578606176,0,Safe,Safe
acct_001442,24.0,2.0,2.0,2.0,2.0,0.958,123.0,1.0,0.46,Safe,Potential Abuse,0.5334084356374661,0,Safe,Potential Abuse
acct_001443,64.0,1.0,1.0,1.0,1.0,1.0,0.0,2.0,1.14,Safe,Safe,0.4358635892207722,0,Safe,Safe
acct_001444,164.0,64.0,10.0,15.0,19.0,0.171,847258.6,9.0,2.8,Abusive,Abusive,0.6257216821229604,1,Abusive,Abusive
acct_001445,173.0,64.0,7.0,16.0,20.0,0.127,698242.8,6.0,3.01,Abusive,Abusive,0.6166598612091335,1,Abusive,Abusive
acct_001446,64.0,1.0,1.0,1.0,1.0,1.0,0.0,2.0,1.11,Safe,Safe,0.43423006284792476,0,Safe,Safe
acct_001447,48.0,2.0,3.0,2.0,2.0,0.979,4723.8,2.0,0.83,Safe,Potential Abuse,0.44399669201951414,0,Safe,Safe
acct_001448,24.0,2.0,1.0,1.0,1.0,0.583,0.0,1.0,0.42,Safe,Safe,0.5258188858370728,0,Safe,Potential Abuse
acct_001449,80.0,1.0,2.0,1.0,1.0,1.0,0.0,2.0,1.41,Safe,Safe,0.474552903476427,0,Safe,Safe
acct_001450,41.0,1.0,3.0,1.0,1.0,1.0,0.0,2.0,0.81,Safe,Safe,0.4369103232897435,0,Safe,Safe
acct_001451,74.0,3.0,3.0,2.0,2.0,0.568,2007.0,2.0,1.3,Safe,Potential Abuse,0.44842408289785696,0,Safe,Safe
acct_001452,40.0,1.0,3.0,1.0,1.0,1.0,0.0,2.0,0.68,Safe,Safe,0.4310354358983827,0,Safe,Safe
acct_001453,83.0,2.0,2.0,2.0,2.0,0.988,5080.8,3.0,1.43,Safe,Potential Abuse,0.49174739521260474,0,Safe,Safe
acct_001454,87.0,6.0,5.0,5.0,6.0,0.575,451915.7,3.0,1.54,Potential Abuse,Potential Abuse,0.47047184316164486,2,Potential Abuse,Safe
acct_001455,209.0,72.0,13.0,15.0,19.0,0.182,875098.3,8.0,3.55,Abusive,Abusive,0.6153013294336592,1,Abusive,Abusive
acct_001456,64.0,11.0,6.0,5.0,8.0,0.391,668591.8,3.0,1.09,Potential Abuse,Potential Abuse,0.5166770633513004,2,Potential Abuse,Potential Abuse
acct_001457,87.0,9.0,3.0,8.0,8.0,0.494,230046.9,3.0,1.53,Potential Abuse,Abusive,0.4866602570076738,2,Potential Abuse,Safe
acct_001458,24.0,1.0,2.0,1.0,1.0,1.0,0.0,1.0,0.46,Safe,Safe,0.483786201568594,0,Safe,Safe
acct_001459,288.0,82.0,7.0,16.0,20.0,0.139,983647.9,6.0,4.92,Abusive,Abusive,0.5872153492286813,1,Abusive,Abusive
acct_001460,50.0,4.0,5.0,4.0,4.0,0.48,199727.9,3.0,0.97,Potential Abuse,Potential Abuse,0.4813564192110784,2,Potential Abuse,Safe
acct_001461,342.0,125.0,11.0,16.0,20.0,0.123,983647.9,10.0,5.82,Abusive,Abusive,0.6097689764972496,1,Abusive,Abusive
acct_001462,57.0,1.0,2.0,1.0,1.0,1.0,0.0,2.0,0.96,Safe,Safe,0.41587128332631224,0,Safe,Safe
acct_001463,109.0,13.0,4.0,10.0,10.0,0.459,169526.4,5.0,1.83,Potential Abuse,Abusive,0.5626466063576089,2,Potential Abuse,Potential Abuse
acct_001464,54.0,6.0,5.0,5.0,5.0,0.444,576131.0,4.0,0.97,Potential Abuse,Potential Abuse,0.4895115668353007,2,Potential Abuse,Safe
acct_001465,129.0,8.0,4.0,6.0,6.0,0.31,91306.2,3.0,2.16,Potential Abuse,Potential Abuse,0.5237710756484912,2,Potential Abuse,Potential Abuse
acct_001466,33.0,2.0,2.0,1.0,1.0,0.606,0.0,2.0,0.56,Safe,Safe,0.458373442820854,0,Safe,Safe
acct_001467,48.0,1.0,1.0,1.0,1.0,1.0,0.0,2.0,0.82,Safe,Safe,0.4274290935009448,0,Safe,Safe
acct_001468,99.0,6.0,3.0,4.0,5.0,0.525,91364.3,5.0,1.67,Potential Abuse,Potential Abuse,0.5189786583233063,2,Potential Abuse,Potential Abuse
acct_001469,80.0,1.0,1.0,1.0,1.0,1.0,0.0,2.0,1.36,Safe,Safe,0.47840000058056564,0,Safe,Safe
acct_001470,67.0,2.0,5.0,2.0,2.0,0.537,887.4,4.0,1.14,Potential Abuse,Potential Abuse,0.5209559005157124,0,Safe,Potential Abuse
acct_001471,81.0,7.0,3.0,5.0,5.0,0.469,112978.9,3.0,1.41,Potential Abuse,Potential Abuse,0.4572673438214532,2,Potential Abuse,Safe
acct_001472,50.0,1.0,2.0,1.0,1.0,1.0,0.0,3.0,0.94,Safe,Potential Abuse,0.48139394769118676,0,Safe,Safe
acct_001473,399.0,116.0,14.0,16.0,20.0,0.095,1112232.4,7.0,6.72,Abusive,Abusive,0.6752424269329786,1,Abusive,Abusive
acct_001474,63.0,7.0,6.0,7.0,7.0,0.556,388553.4,4.0,1.06,Potential Abuse,Potential Abuse,0.5091992165780792,2,Potential Abuse,Potential Abuse
acct_001475,57.0,3.0,2.0,2.0,2.0,0.965,117.8,2.0,1.0,Safe,Potential Abuse,0.46227569820151937,0,Safe,Safe
acct_001476,101.0,6.0,6.0,6.0,6.0,0.505,88320.2,3.0,1.72,Potential Abuse,Potential Abuse,0.4945332249458959,2,Potential Abuse,Safe
acct_001477,81.0,2.0,3.0,1.0,1.0,0.531,0.0,2.0,1.36,Safe,Safe,0.4889440629587917,0,Safe,Safe
acct_001478,25.0,1.0,2.0,1.0,1.0,1.0,0.0,2.0,0.43,Safe,Safe,0.45403553616168946,0,Safe,Safe
acct_001479,64.0,1.0,2.0,1.0,1.0,1.0,0.0,2.0,1.1,Safe,Safe,0.42266279542239765,0,Safe,Safe
acct_001480,50.0,3.0,2.0,2.0,2.0,0.54,178.1,2.0,0.84,Safe,Potential Abuse,0.44677576472254726,0,Safe,Safe
acct_001481,126.0,11.0,4.0,5.0,8.0,0.286,919949.9,4.0,2.2,Potential Abuse,Potential Abuse,0.5457046216724265,2,Potential Abuse,Potential Abuse
acct_001482,82.0,1.0,3.0,1.0,1.0,1.0,0.0,2.0,1.41,Safe,Safe,0.4924319997050787,0,Safe,Safe
acct_001483,24.0,1.0,2.0,1.0,1.0,1.0,0.0,2.0,0.43,Safe,Safe,0.44992165356218544,0,Safe,Safe
acct_001484,70.0,4.0,4.0,2.0,2.0,0.443,49768.0,3.0,1.17,Potential Abuse,Potential Abuse,0.5018472042374607,2,Potential Abuse,Potential Abuse
acct_001485,59.0,7.0,4.0,6.0,6.0,0.492,372251.0,4.0,0.99,Potential Abuse,Potential Abuse,0.48521801814346766,2,Potential Abuse,Safe
acct_001486,45.0,5.0,6.0,4.0,4.0,0.667,78825.0,3.0,0.77,Potential Abuse,Potential Abuse,0.5197220421766606,2,Potential Abuse,Potential Abuse
acct_001487,64.0,1.0,1.0,1.0,1.0,1.0,0.0,3.0,1.08,Safe,Potential Abuse,0.4938643548295253,0,Safe,Safe
acct_001488,64.0,10.0,3.0,4.0,4.0,0.469,251842.7,4.0,1.11,Potential Abuse,Potential Abuse,0.49607477554013535,2,Potential Abuse,Safe
acct_001489,370.0,134.0,14.0,16.0,20.0,0.143,1112232.4,12.0,6.2,Abusive,Abusive,0.6729433932059574,1,Abusive,Abusive
acct_001490,58.0,11.0,5.0,8.0,8.0,0.414,106215.8,2.0,1.01,Potential Abuse,Abusive,0.5336521957627046,2,Potential Abuse,Potential Abuse
acct_001491,40.0,2.0,3.0,1.0,1.0,0.975,0.0,2.0,0.72,Safe,Safe,0.463971931425703,0,Safe,Safe
acct_001492,48.0,2.0,2.0,2.0,2.0,0.979,3477.2,2.0,0.83,Safe,Potential Abuse,0.43397749394385904,0,Safe,Safe
acct_001493,72.0,2.0,1.0,1.0,1.0,0.528,0.0,2.0,1.29,Safe,Safe,0.4774424664153364,0,Safe,Safe
acct_001494,32.0,2.0,1.0,1.0,1.0,0.625,0.0,1.0,0.58,Safe,Safe,0.5126534039543424,0,Safe,Potential Abuse
acct_001495,243.0,73.0,7.0,15.0,18.0,0.115,1019636.0,7.0,4.08,Abusive,Abusive,0.6167469115888482,1,Abusive,Abusive
acct_001496,64.0,2.0,1.0,1.0,1.0,0.516,0.0,2.0,1.07,Safe,Safe,0.46201060196191707,0,Safe,Safe
acct_001497,65.0,8.0,4.0,5.0,6.0,0.338,265269.8,3.0,1.14,Potential Abuse,Potential Abuse,0.4818766119597628,2,Potential Abuse,Safe
acct_001498,56.0,1.0,2.0,1.0,1.0,1.0,0.0,3.0,0.98,Safe,Potential Abuse,0.47643015315323206,0,Safe,Safe
acct_001499,66.0,2.0,2.0,1.0,1.0,0.985,0.0,2.0,1.12,Safe,Safe,0.46195554136670597,0,Safe,Safe
acct_001500,56.0,1.0,2.0,1.0,1.0,1.0,0.0,2.0,0.97,Safe,Safe,0.4151219771273451,0,Safe,Safe
acct_001501,56.0,1.0,1.0,1.0,1.0,1.0,0.0,2.0,0.99,Safe,Safe,0.42817555313650496,0,Safe,Safe
acct_001502,40.0,2.0,1.0,1.0,1.0,0.6,0.0,2.0,0.7,Safe,Safe,0.46207855014132154,0,Safe,Safe
acct_001503,40.0,1.0,1.0,1.0,1.0,1.0,0.0,2.0,0.69,Safe,Safe,0.4295855335661419,0,Safe,Safe
acct_001504,65.0,2.0,2.0,1.0,1.0,0.508,0.0,3.0,1.11,Safe,Potential Abuse,0.4984883092933549,0,Safe,Safe
acct_001505,40.0,2.0,2.0,1.0,1.0,0.625,0.0,2.0,0.69,Safe,Safe,0.4498592331606256,0,Safe,Safe
acct_001506,105.0,10.0,4.0,7.0,8.0,0.552,84112.0,3.0,1.87,Potential Abuse,Potential Abuse,0.4995122245260901,2,Potential Abuse,Safe
acct_001507,72.0,1.0,1.0,1.0,1.0,1.0,0.0,3.0,1.23,Safe,Potential Abuse,0.5048832100161147,0,Safe,Potential Abuse
acct_001508,33.0,2.0,3.0,2.0,2.0,0.97,220.2,2.0,0.58,Safe,Potential Abuse,0.46710166269612663,0,Safe,Safe
acct_001509,66.0,2.0,2.0,2.0,2.0,0.985,1380.6,3.0,1.2,Safe,Potential Abuse,0.46723900880406266,0,Safe,Safe
acct_001510,88.0,8.0,3.0,6.0,6.0,0.477,220810.3,3.0,1.49,Potential Abuse,Potential Abuse,0.46464266580332014,2,Potential Abuse,Safe
acct_001511,72.0,1.0,3.0,1.0,1.0,1.0,0.0,3.0,1.24,Safe,Potential Abuse,0.4947939755491118,0,Safe,Safe
acct_001512,80.0,4.0,2.0,3.0,3.0,0.512,8574.5,2.0,1.36,Safe,Potential Abuse,0.4785330018087072,2,Potential Abuse,Safe
acct_001513,65.0,11.0,4.0,8.0,8.0,0.538,424863.2,3.0,1.1,Potential Abuse,Abusive,0.5070634652653986,2,Potential Abuse,Potential Abuse
acct_001514,80.0,1.0,1.0,1.0,1.0,1.0,0.0,3.0,1.35,Safe,Potential Abuse,0.5240807701840442,0,Safe,Potential Abuse
acct_001515,101.0,7.0,3.0,6.0,6.0,0.485,171983.4,3.0,1.7,Potential Abuse,Potential Abuse,0.47970823965227716,2,Potential Abuse,Safe
acct_001516,80.0,2.0,3.0,1.0,1.0,0.988,0.0,2.0,1.35,Safe,Safe,0.4962269600107031,0,Safe,Safe
acct_001517,80.0,1.0,1.0,1.0,1.0,1.0,0.0,2.0,1.34,Safe,Safe,0.4758704684696306,0,Safe,Safe
acct_001518,65.0,1.0,3.0,1.0,1.0,1.0,0.0,2.0,1.09,Safe,Safe,0.43632101901983517,0,Safe,Safe
acct_001519,26.0,1.0,2.0,1.0,1.0,1.0,0.0,2.0,0.5,Safe,Safe,0.44798360203241816,0,Safe,Safe
acct_001520,40.0,1.0,3.0,1.0,1.0,1.0,0.0,2.0,0.73,Safe,Safe,0.4333069201548944,0,Safe,Safe
acct_001521,57.0,1.0,2.0,1.0,1.0,1.0,0.0,2.0,0.98,Safe,Safe,0.4160796872423576,0,Safe,Safe
acct_001522,40.0,1.0,2.0,1.0,1.0,1.0,0.0,1.0,0.74,Safe,Safe,0.4843057646019038,0,Safe,Safe
acct_001523,40.0,2.0,1.0,2.0,2.0,0.975,133.7,1.0,0.69,Safe,Potential Abuse,0.5099086063252475,0,Safe,Potential Abuse
acct_001524,24.0,2.0,3.0,2.0,2.0,0.958,97.9,2.0,0.4,Safe,Potential Abuse,0.5055973237113491,0,Safe,Potential Abuse
acct_001525,44.0,8.0,3.0,7.0,7.0,0.5,46256.2,3.0,0.77,Potential Abuse,Potential Abuse,0.5136870849842194,2,Potential Abuse,Potential Abuse
acct_001526,46.0,7.0,6.0,6.0,6.0,0.435,14942.0,3.0,0.8,Potential Abuse,Potential Abuse,0.5253253612479757,2,Potential Abuse,Potential Abuse
acct_001527,73.0,3.0,3.0,2.0,2.0,0.521,1020.4,2.0,1.24,Safe,Potential Abuse,0.4447484724170372,0,Safe,Safe
acct_001528,75.0,3.0,3.0,2.0,2.0,0.573,2989.2,2.0,1.29,Safe,Potential Abuse,0.45059895441271347,0,Safe,Safe
acct_001529,72.0,1.0,1.0,1.0,1.0,1.0,0.0,2.0,1.23,Safe,Safe,0.45248754765415466,0,Safe,Safe
acct_001530,56.0,4.0,1.0,3.0,3.0,0.5,5768.5,2.0,0.95,Safe,Potential Abuse,0.48832836934302637,2,Potential Abuse,Safe
acct_001531,80.0,1.0,1.0,1.0,1.0,1.0,0.0,3.0,1.38,Safe,Potential Abuse,0.5274474863048606,0,Safe,Potential Abuse
acct_001532,41.0,1.0,2.0,1.0,1.0,1.0,0.0,2.0,0.71,Safe,Safe,0.4210197378568261,0,Safe,Safe
acct_001533,213.0,70.0,7.0,16.0,20.0,0.16,1112232.4,9.0,3.74,Abusive,Abusive,0.5871546200536022,1,Abusive,Abusive
acct_001534,72.0,2.0,2.0,2.0,2.0,0.986,679.2,2.0,1.23,Safe,Potential Abuse,0.43506833015455515,0,Safe,Safe
acct_001535,56.0,1.0,3.0,1.0,1.0,1.0,0.0,2.0,1.0,Safe,Safe,0.43486496653910534,0,Safe,Safe
acct_001536,56.0,2.0,2.0,2.0,2.0,0.982,977.8,2.0,1.0,Safe,Potential Abuse,0.4270640976750876,0,Safe,Safe
acct_001537,65.0,1.0,2.0,1.0,1.0,1.0,0.0,2.0,1.11,Safe,Safe,0.4254308941165351,0,Safe,Safe
acct_001538,64.0,1.0,1.0,1.0,1.0,1.0,0.0,3.0,1.09,Safe,Potential Abuse,0.4944169838871756,0,Safe,Safe
acct_001539,72.0,1.0,3.0,1.0,1.0,1.0,0.0,3.0,1.23,Safe,Potential Abuse,0.4949944609545054,0,Safe,Safe
acct_001540,80.0,2.0,1.0,1.0,1.0,0.55,0.0,2.0,1.37,Safe,Safe,0.4908964358067709,0,Safe,Safe
acct_001541,80.0,3.0,1.0,2.0,2.0,0.512,10305.6,3.0,1.37,Safe,Potential Abuse,0.4874464676521719,0,Safe,Safe
acct_001542,56.0,1.0,2.0,1.0,1.0,1.0,0.0,2.0,0.95,Safe,Safe,0.4160271382051602,0,Safe,Safe
acct_001543,24.0,1.0,3.0,1.0,1.0,1.0,0.0,1.0,0.41,Safe,Safe,0.49793305623420175,0,Safe,Safe
acct_001544,274.0,101.0,12.0,16.0,20.0,0.106,904311.7,9.0,4.63,Abusive,Abusive,0.5885156586207314,1,Abusive,Abusive
acct_001545,33.0,1.0,3.0,1.0,1.0,1.0,0.0,2.0,0.58,Safe,Safe,0.4335874125080153,0,Safe,Safe
acct_001546,131.0,11.0,4.0,8.0,9.0,0.511,399478.9,5.0,2.23,Potential Abuse,Abusive,0.5482195376308321,2,Potential Abuse,Potential Abuse
acct_001547,80.0,1.0,1.0,1.0,1.0,1.0,0.0,2.0,1.34,Safe,Safe,0.4758704684696306,0,Safe,Safe
acct_001548,129.0,13.0,3.0,8.0,9.0,0.395,400140.8,4.0,2.18,Potential Abuse,Abusive,0.5391467011375577,2,Potential Abuse,Potential Abuse
acct_001549,24.0,2.0,2.0,1.0,1.0,0.625,0.0,2.0,0.46,Safe,Safe,0.47930981259209055,0,Safe,Safe
acct_001550,120.0,8.0,6.0,6.0,6.0,0.433,141209.8,3.0,2.01,Potential Abuse,Potential Abuse,0.50525837622615,2,Potential Abuse,Potential Abuse
acct_001551,81.0,1.0,3.0,1.0,1.0,1.0,0.0,3.0,1.4,Safe,Potential Abuse,0.5255563168823224,0,Safe,Potential Abuse
acct_001552,95.0,11.0,3.0,7.0,9.0,0.274,100158.0,4.0,1.61,Potential Abuse,Potential Abuse,0.5313007513983299,2,Potential Abuse,Potential Abuse
acct_001553,59.0,5.0,5.0,3.0,4.0,0.542,568601.4,3.0,1.0,Potential Abuse,Potential Abuse,0.48394999844707154,2,Potential Abuse,Safe
acct_001554,41.0,2.0,2.0,1.0,1.0,0.512,0.0,2.0,0.74,Safe,Safe,0.4490934984879473,0,Safe,Safe
acct_001555,33.0,1.0,3.0,1.0,1.0,1.0,0.0,2.0,0.57,Safe,Safe,0.4336012646494031,0,Safe,Safe
acct_001556,73.0,2.0,2.0,2.0,2.0,0.986,69.6,3.0,1.23,Safe,Potential Abuse,0.4881351624893732,0,Safe,Safe
acct_001557,120.0,8.0,6.0,7.0,7.0,0.517,54631.2,3.0,2.02,Potential Abuse,Potential Abuse,0.5180142616589744,2,Potential Abuse,Potential Abuse
acct_001558,32.0,2.0,1.0,1.0,1.0,0.625,0.0,2.0,0.57,Safe,Safe,0.4756454894082699,0,Safe,Safe
acct_001559,103.0,10.0,6.0,9.0,10.0,0.485,423629.3,3.0,1.75,Potential Abuse,Abusive,0.5266427560332716,2,Potential Abuse,Potential Abuse
acct_001560,81.0,1.0,2.0,1.0,1.0,1.0,0.0,3.0,1.37,Safe,Potential Abuse,0.5106098780050454,0,Safe,Potential Abuse
acct_001561,40.0,2.0,3.0,2.0,2.0,0.975,365.6,2.0,0.68,Safe,Potential Abuse,0.4481913738847149,0,Safe,Safe
acct_001562,93.0,10.0,5.0,7.0,8.0,0.527,70824.6,3.0,1.58,Potential Abuse,Potential Abuse,0.49302357604864333,2,Potential Abuse,Safe
acct_001563,95.0,10.0,5.0,7.0,8.0,0.558,116540.7,5.0,1.59,Potential Abuse,Potential Abuse,0.5275895121330741,2,Potential Abuse,Potential Abuse
acct_001564,57.0,1.0,2.0,1.0,1.0,1.0,0.0,2.0,0.96,Safe,Safe,0.41587128332631224,0,Safe,Safe
acct_001565,24.0,1.0,1.0,1.0,1.0,1.0,0.0,1.0,0.43,Safe,Safe,0.4927256918995872,0,Safe,Safe
acct_001566,48.0,1.0,1.0,1.0,1.0,1.0,0.0,2.0,0.83,Safe,Safe,0.4275820276425205,0,Safe,Safe
acct_001567,33.0,1.0,2.0,1.0,1.0,1.0,0.0,3.0,0.58,Safe,Potential Abuse,0.49325910694046776,0,Safe,Safe
acct_001568,56.0,2.0,3.0,1.0,1.0,0.625,0.0,2.0,0.98,Safe,Safe,0.4627972986661177,0,Safe,Safe
acct_001569,56.0,1.0,3.0,1.0,1.0,1.0,0.0,3.0,0.94,Safe,Potential Abuse,0.48984121796941243,0,Safe,Safe
acct_001570,41.0,1.0,2.0,1.0,1.0,1.0,0.0,2.0,0.74,Safe,Safe,0.42216691339272716,0,Safe,Safe
acct_001571,32.0,1.0,2.0,1.0,1.0,1.0,0.0,1.0,0.57,Safe,Safe,0.4780579093921867,0,Safe,Safe
acct_001572,72.0,2.0,1.0,1.0,2.0,0.986,1672.2,2.0,1.21,Safe,Safe,0.46902890403079084,0,Safe,Safe
acct_001573,337.0,97.0,8.0,16.0,20.0,0.148,1112232.4,9.0,5.7,Abusive,Abusive,0.5930530562346746,1,Abusive,Abusive
acct_001574,73.0,8.0,3.0,7.0,7.0,0.507,614415.0,3.0,1.28,Potential Abuse,Potential Abuse,0.48019864544717356,2,Potential Abuse,Safe
acct_001575,25.0,1.0,3.0,1.0,1.0,1.0,0.0,2.0,0.44,Safe,Safe,0.45862356171191415,0,Safe,Safe
acct_001576,67.0,2.0,2.0,2.0,2.0,0.985,21374.5,2.0,1.15,Safe,Potential Abuse,0.45707464277520676,0,Safe,Safe
acct_001577,48.0,2.0,3.0,1.0,1.0,0.5,0.0,3.0,0.86,Safe,Potential Abuse,0.5074428330334515,0,Safe,Potential Abuse
acct_001578,64.0,3.0,1.0,2.0,2.0,0.516,1198.4,2.0,1.17,Safe,Potential Abuse,0.4488395741820151,0,Safe,Safe
acct_001579,64.0,3.0,3.0,1.0,1.0,0.531,0.0,2.0,1.07,Safe,Potential Abuse,0.4939486837521899,0,Safe,Safe
acct_001580,80.0,1.0,3.0,1.0,1.0,1.0,0.0,2.0,1.37,Safe,Safe,0.47877245185628403,0,Safe,Safe
acct_001581,141.0,12.0,6.0,7.0,7.0,0.489,600997.5,4.0,2.38,Potential Abuse,Potential Abuse,0.5386532237298722,2,Potential Abuse,Potential Abuse
acct_001582,130.0,11.0,5.0,6.0,7.0,0.454,491823.9,4.0,2.2,Potential Abuse,Potential Abuse,0.5060768840750558,2,Potential Abuse,Potential Abuse
acct_001583,64.0,1.0,1.0,1.0,1.0,1.0,0.0,2.0,1.08,Safe,Safe,0.431928120421016,0,Safe,Safe
acct_001584,81.0,3.0,2.0,2.0,2.0,0.506,756.5,3.0,1.37,Safe,Potential Abuse,0.47631657808810646,0,Safe,Safe
acct_001585,32.0,2.0,3.0,1.0,1.0,0.594,0.0,1.0,0.56,Safe,Safe,0.5022985668701407,0,Safe,Potential Abuse
acct_001586,48.0,2.0,3.0,1.0,1.0,0.604,0.0,2.0,0.82,Safe,Safe,0.45266216463460707,0,Safe,Safe
acct_001587,57.0,5.0,4.0,4.0,4.0,0.702,9212.2,4.0,1.01,Potential Abuse,Potential Abuse,0.5245947098079015,2,Potential Abuse,Potential Abuse
acct_001588,80.0,2.0,1.0,1.0,1.0,0.512,0.0,2.0,1.36,Safe,Safe,0.4945431578042526,0,Safe,Safe
acct_001589,32.0,4.0,2.0,3.0,3.0,0.594,178.6,2.0,0.6,Safe,Potential Abuse,0.5170447597171346,0,Safe,Potential Abuse
acct_001590,80.0,1.0,1.0,1.0,1.0,1.0,0.0,3.0,1.35,Safe,Potential Abuse,0.5240807701840442,0,Safe,Potential Abuse
acct_001591,346.0,124.0,15.0,16.0,20.0,0.139,1112232.4,9.0,5.79,Abusive,Abusive,0.6399615723685322,1,Abusive,Abusive
acct_001592,65.0,2.0,3.0,1.0,1.0,0.523,0.0,2.0,1.1,Safe,Safe,0.4593800815299473,0,Safe,Safe
acct_001593,83.0,2.0,2.0,2.0,2.0,0.988,919.1,3.0,1.4,Safe,Potential Abuse,0.48699428092434643,0,Safe,Safe
acct_001594,40.0,1.0,1.0,1.0,1.0,1.0,0.0,1.0,0.68,Safe,Safe,0.4918357202518908,0,Safe,Safe
acct_001595,62.0,6.0,4.0,4.0,4.0,0.548,183925.1,3.0,1.05,Potential Abuse,Potential Abuse,0.46290969277082067,2,Potential Abuse,Safe
acct_001596,24.0,1.0,3.0,1.0,1.0,1.0,0.0,2.0,0.41,Safe,Safe,0.4640894896417349,0,Safe,Safe
acct_001597,25.0,2.0,3.0,1.0,1.0,0.56,0.0,2.0,0.45,Safe,Safe,0.4812382626167207,0,Safe,Safe
acct_001598,32.0,3.0,2.0,2.0,2.0,0.656,389.2,2.0,0.54,Safe,Potential Abuse,0.48212757149044777,0,Safe,Safe
acct_001599,24.0,2.0,3.0,1.0,1.0,0.625,0.0,1.0,0.42,Safe,Safe,0.5229617433937735,0,Safe,Potential Abuse
acct_001600,73.0,1.0,2.0,1.0,1.0,1.0,0.0,2.0,1.28,Safe,Safe,0.4451264170197334,0,Safe,Safe
acct_001601,24.0,2.0,2.0,1.0,1.0,0.708,0.0,2.0,0.47,Safe,Safe,0.48832518404583025,0,Safe,Safe
acct_001602,72.0,2.0,2.0,1.0,1.0,0.986,0.0,2.0,1.24,Safe,Safe,0.4710763356350757,0,Safe,Safe
acct_001603,81.0,4.0,5.0,4.0,4.0,0.531,60358.6,3.0,1.37,Potential Abuse,Potential Abuse,0.47767862340366785,2,Potential Abuse,Safe
acct_001604,208.0,75.0,11.0,16.0,20.0,0.159,1000465.4,8.0,3.53,Abusive,Abusive,0.5721663494008904,1,Abusive,Potential Abuse
acct_001605,64.0,2.0,2.0,2.0,2.0,0.984,1708.4,2.0,1.09,Safe,Potential Abuse,0.4288245301226662,0,Safe,Safe
acct_001606,232.0,67.0,6.0,16.0,19.0,0.224,900033.2,8.0,3.88,Abusive,Abusive,0.6045300488895244,1,Abusive,Abusive
acct_001607,49.0,1.0,3.0,1.0,1.0,1.0,0.0,2.0,0.83,Safe,Safe,0.4345737314638611,0,Safe,Safe
acct_001608,41.0,5.0,4.0,3.0,3.0,0.366,89340.2,2.0,0.73,Potential Abuse,Potential Abuse,0.5264970454223118,2,Potential Abuse,Potential Abuse
acct_001609,40.0,2.0,1.0,2.0,2.0,0.975,514.9,3.0,0.71,Safe,Potential Abuse,0.50176545440443,0,Safe,Potential Abuse
acct_001610,40.0,2.0,1.0,1.0,1.0,0.625,0.0,2.0,0.68,Safe,Safe,0.4647647453385563,0,Safe,Safe
acct_001611,25.0,2.0,3.0,1.0,1.0,0.52,0.0,2.0,0.43,Safe,Safe,0.4867769650448724,0,Safe,Safe
acct_001612,32.0,1.0,3.0,1.0,1.0,1.0,0.0,2.0,0.56,Safe,Safe,0.4352109166389675,0,Safe,Safe
acct_001613,64.0,1.0,1.0,1.0,1.0,1.0,0.0,2.0,1.1,Safe,Safe,0.43216001680720706,0,Safe,Safe
acct_001614,100.0,16.0,4.0,9.0,10.0,0.46,242133.6,3.0,1.71,Potential Abuse,Abusive,0.5352105726975286,2,Potential Abuse,Potential Abuse
acct_001615,56.0,2.0,3.0,2.0,2.0,0.982,447.7,3.0,0.96,Safe,Potential Abuse,0.46749111899521006,0,Safe,Safe
acct_001616,70.0,8.0,3.0,6.0,7.0,0.529,446276.4,3.0,1.2,Potential Abuse,Potential Abuse,0.4743158687356043,2,Potential Abuse,Safe
acct_001617,24.0,1.0,3.0,1.0,1.0,1.0,0.0,2.0,0.47,Safe,Safe,0.4530241638473698,0,Safe,Safe
acct_001618,64.0,1.0,1.0,1.0,1.0,1.0,0.0,2.0,1.14,Safe,Safe,0.4358635892207722,0,Safe,Safe
acct_001619,67.0,11.0,3.0,6.0,8.0,0.507,80742.6,3.0,1.16,Potential Abuse,Potential Abuse,0.4949609298771723,2,Potential Abuse,Safe
acct_001620,50.0,13.0,5.0,8.0,8.0,0.32,508814.9,3.0,0.86,Potential Abuse,Abusive,0.5441339332461289,2,Potential Abuse,Potential Abuse
acct_001621,62.0,8.0,6.0,7.0,7.0,0.645,52929.5,2.0,1.07,Potential Abuse,Potential Abuse,0.5365910252585129,2,Potential Abuse,Potential Abuse
acct_001622,65.0,2.0,2.0,1.0,1.0,0.569,0.0,2.0,1.11,Safe,Safe,0.4470634363190081,0,Safe,Safe
acct_001623,72.0,1.0,2.0,1.0,1.0,1.0,0.0,2.0,1.22,Safe,Safe,0.4384169339440567,0,Safe,Safe
acct_001624,384.0,99.0,15.0,16.0,20.0,0.151,983647.9,9.0,6.41,Abusive,Abusive,0.6389263758290095,1,Abusive,Abusive
acct_001625,83.0,2.0,3.0,2.0,2.0,0.988,1776.1,2.0,1.41,Safe,Potential Abuse,0.4637599548250655,0,Safe,Safe
acct_001626,56.0,3.0,3.0,2.0,2.0,0.607,850.9,2.0,0.95,Safe,Potential Abuse,0.44137290598460865,0,Safe,Safe
acct_001627,65.0,6.0,6.0,5.0,5.0,0.492,116784.8,4.0,1.14,Potential Abuse,Potential Abuse,0.48306100897495985,2,Potential Abuse,Safe
acct_001628,90.0,7.0,5.0,7.0,7.0,0.5,931411.7,3.0,1.63,Potential Abuse,Potential Abuse,0.48041247383137103,2,Potential Abuse,Safe
acct_001629,40.0,3.0,3.0,2.0,2.0,0.5,210.1,2.0,0.74,Safe,Potential Abuse,0.46235598130385036,0,Safe,Safe
acct_001630,24.0,2.0,3.0,1.0,1.0,0.667,0.0,1.0,0.45,Safe,Safe,0.5240560290246844,0,Safe,Potential Abuse
acct_001631,24.0,1.0,2.0,1.0,1.0,1.0,0.0,2.0,0.41,Safe,Safe,0.4580687726235148,0,Safe,Safe
acct_001632,82.0,5.0,3.0,4.0,4.0,0.646,414210.5,4.0,1.42,Potential Abuse,Potential Abuse,0.5003906372183929,2,Potential Abuse,Safe
acct_001633,64.0,7.0,3.0,6.0,6.0,0.484,282419.5,3.0,1.09,Potential Abuse,Potential Abuse,0.4697923194904487,2,Potential Abuse,Safe
acct_001634,56.0,1.0,2.0,1.0,1.0,1.0,0.0,2.0,0.96,Safe,Safe,0.41579382170689555,0,Safe,Safe
acct_001635,320.0,100.0,6.0,16.0,20.0,0.159,983647.9,12.0,5.38,Abusive,Abusive,0.6192816273446007,1,Abusive,Abusive
acct_001636,80.0,3.0,1.0,3.0,3.0,0.975,6210.8,2.0,1.35,Safe,Potential Abuse,0.499166695917557,0,Safe,Safe
acct_001637,58.0,2.0,3.0,1.0,1.0,0.603,0.0,2.0,1.03,Safe,Safe,0.45953184876510556,0,Safe,Safe
acct_001638,72.0,6.0,5.0,6.0,6.0,0.556,141028.4,4.0,1.21,Potential Abuse,Potential Abuse,0.4826684712321827,2,Potential Abuse,Safe
acct_001639,332.0,112.0,7.0,16.0,20.0,0.175,900033.2,9.0,5.54,Abusive,Abusive,0.5928177758805682,1,Abusive,Abusive
acct_001640,24.0,1.0,3.0,1.0,1.0,1.0,0.0,1.0,0.44,Safe,Safe,0.4900796983986271,0,Safe,Safe
acct_001641,48.0,1.0,1.0,1.0,1.0,1.0,0.0,2.0,0.85,Safe,Safe,0.43000392093234,0,Safe,Safe
acct_001642,45.0,6.0,3.0,5.0,5.0,0.378,5577.4,3.0,0.81,Potential Abuse,Potential Abuse,0.5154118144555893,2,Potential Abuse,Potential Abuse
acct_001643,81.0,1.0,3.0,1.0,1.0,1.0,0.0,3.0,1.37,Safe,Potential Abuse,0.5194900412765094,0,Safe,Potential Abuse
acct_001644,71.0,7.0,5.0,5.0,5.0,0.535,938722.4,3.0,1.21,Potential Abuse,Potential Abuse,0.47391930363301904,2,Potential Abuse,Safe
acct_001645,304.0,111.0,15.0,16.0,20.0,0.112,892552.8,10.0,5.23,Abusive,Abusive,0.6229112324081889,1,Abusive,Abusive
acct_001646,107.0,10.0,5.0,7.0,8.0,0.467,43246.5,4.0,1.81,Potential Abuse,Potential Abuse,0.5103672916228665,2,Potential Abuse,Potential Abuse
acct_001647,90.0,8.0,4.0,4.0,7.0,0.511,1000465.4,3.0,1.53,Potential Abuse,Potential Abuse,0.4813282252807671,2,Potential Abuse,Safe
acct_001648,58.0,1.0,2.0,1.0,1.0,1.0,0.0,3.0,0.98,Safe,Potential Abuse,0.4776302708833252,0,Safe,Safe
acct_001649,48.0,2.0,1.0,1.0,1.0,0.542,0.0,2.0,0.82,Safe,Safe,0.454020165964919,0,Safe,Safe
acct_001650,32.0,1.0,2.0,1.0,1.0,1.0,0.0,2.0,0.55,Safe,Safe,0.4328206696189945,0,Safe,Safe
acct_001651,115.0,4.0,6.0,3.0,3.0,0.53,58360.0,4.0,1.94,Potential Abuse,Potential Abuse,0.5598427317454132,2,Potential Abuse,Potential Abuse
acct_001652,65.0,1.0,3.0,1.0,1.0,1.0,0.0,2.0,1.13,Safe,Safe,0.4382907835416462,0,Safe,Safe
acct_001653,57.0,3.0,3.0,2.0,2.0,0.526,707.0,2.0,0.97,Safe,Potential Abuse,0.437950122128396,0,Safe,Safe
acct_001654,32.0,2.0,2.0,1.0,1.0,0.594,0.0,2.0,0.54,Safe,Safe,0.4602426522320677,0,Safe,Safe
acct_001655,82.0,8.0,6.0,6.0,7.0,0.488,235470.4,3.0,1.39,Potential Abuse,Potential Abuse,0.4705982626939269,2,Potential Abuse,Safe
acct_001656,61.0,5.0,3.0,3.0,3.0,0.459,3087.2,3.0,1.02,Potential Abuse,Potential Abuse,0.4833654629644041,2,Potential Abuse,Safe
acct_001657,83.0,2.0,2.0,2.0,2.0,0.988,4039.6,3.0,1.46,Safe,Potential Abuse,0.49240695102939974,0,Safe,Safe
acct_001658,72.0,1.0,1.0,1.0,1.0,1.0,0.0,3.0,1.24,Safe,Potential Abuse,0.5052954213271552,0,Safe,Potential Abuse
acct_001659,74.0,2.0,2.0,2.0,2.0,0.986,93690.7,2.0,1.24,Safe,Potential Abuse,0.48273057118615337,0,Safe,Safe
acct_001660,57.0,1.0,2.0,1.0,1.0,1.0,0.0,2.0,0.99,Safe,Safe,0.41671036312851095,0,Safe,Safe
acct_001661,208.0,75.0,10.0,16.0,20.0,0.192,812122.1,8.0,3.54,Abusive,Abusive,0.5888806339355858,1,Abusive,Abusive
acct_001662,32.0,1.0,3.0,1.0,1.0,1.0,0.0,2.0,0.55,Safe,Safe,0.4362243396613278,0,Safe,Safe
acct_001663,49.0,1.0,2.0,1.0,1.0,1.0,0.0,2.0,0.83,Safe,Safe,0.41826455842793286,0,Safe,Safe
acct_001664,48.0,2.0,1.0,2.0,2.0,0.979,347.8,2.0,0.86,Safe,Potential Abuse,0.43803824920626844,0,Safe,Safe
acct_001665,48.0,1.0,1.0,1.0,1.0,1.0,0.0,2.0,0.89,Safe,Safe,0.43111831636448633,0,Safe,Safe
acct_001666,80.0,2.0,1.0,1.0,1.0,0.525,0.0,2.0,1.36,Safe,Safe,0.4910418751695407,0,Safe,Safe
acct_001667,126.0,12.0,3.0,9.0,10.0,0.492,116198.8,4.0,2.12,Potential Abuse,Abusive,0.5380566931717371,2,Potential Abuse,Potential Abuse
acct_001668,25.0,1.0,2.0,1.0,1.0,1.0,0.0,2.0,0.44,Safe,Safe,0.451360032073814,0,Safe,Safe
acct_001669,64.0,2.0,1.0,1.0,1.0,0.594,0.0,3.0,1.1,Safe,Potential Abuse,0.5101830805135072,0,Safe,Potential Abuse
acct_001670,64.0,2.0,3.0,2.0,2.0,0.984,572.9,2.0,1.12,Safe,Potential Abuse,0.43228840875010205,0,Safe,Safe
acct_001671,236.0,78.0,6.0,15.0,19.0,0.165,871458.7,10.0,3.96,Abusive,Abusive,0.628167990109723,1,Abusive,Abusive
acct_001672,25.0,1.0,2.0,1.0,1.0,1.0,0.0,2.0,0.48,Safe,Safe,0.4482070156102007,0,Safe,Safe
acct_001673,65.0,1.0,2.0,1.0,1.0,1.0,0.0,2.0,1.11,Safe,Safe,0.4254308941165351,0,Safe,Safe
acct_001674,64.0,3.0,1.0,2.0,2.0,0.562,319.0,2.0,1.08,Safe,Potential Abuse,0.4531935627682339,0,Safe,Safe
acct_001675,40.0,1.0,3.0,1.0,1.0,1.0,0.0,1.0,0.68,Safe,Safe,0.4912141189709517,0,Safe,Safe
acct_001676,24.0,2.0,1.0,1.0,1.0,0.583,0.0,1.0,0.46,Safe,Safe,0.5216764607093723,0,Safe,Potential Abuse
acct_001677,66.0,4.0,2.0,4.0,4.0,0.955,116720.0,2.0,1.16,Safe,Potential Abuse,0.5314625206333409,2,Potential Abuse,Potential Abuse
acct_001678,44.0,9.0,6.0,7.0,8.0,0.5,370744.1,3.0,0.75,Potential Abuse,Potential Abuse,0.5208820722134991,2,Potential Abuse,Potential Abuse
acct_001679,24.0,4.0,3.0,2.0,2.0,0.667,2099.2,1.0,0.45,Safe,Potential Abuse,0.5502520552969004,0,Safe,Potential Abuse
acct_001680,67.0,2.0,3.0,2.0,2.0,0.985,560.6,3.0,1.14,Safe,Potential Abuse,0.4664586045059214,0,Safe,Safe
acct_001681,56.0,2.0,1.0,2.0,2.0,0.982,2069.2,2.0,0.97,Safe,Potential Abuse,0.4381255229476971,0,Safe,Safe
acct_001682,24.0,1.0,1.0,1.0,1.0,1.0,0.0,2.0,0.41,Safe,Safe,0.47242345049264045,0,Safe,Safe
acct_001683,64.0,1.0,1.0,1.0,1.0,1.0,0.0,2.0,1.09,Safe,Safe,0.4324804710674711,0,Safe,Safe
acct_001684,253.0,75.0,6.0,16.0,20.0,0.138,1017629.8,7.0,4.31,Abusive,Abusive,0.57400649287917,1,Abusive,Potential Abuse
acct_001685,28.0,2.0,3.0,1.0,1.0,0.643,0.0,2.0,0.57,Safe,Safe,0.4753866037127315,0,Safe,Safe
acct_001686,64.0,2.0,3.0,1.0,1.0,0.5,0.0,3.0,1.07,Safe,Potential Abuse,0.5063103948373746,0,Safe,Potential Abuse
acct_001687,72.0,1.0,1.0,1.0,1.0,1.0,0.0,2.0,1.21,Safe,Safe,0.4510969217879022,0,Safe,Safe
acct_001688,334.0,114.0,6.0,16.0,20.0,0.216,892552.8,10.0,5.59,Abusive,Abusive,0.6174917181626944,1,Abusive,Abusive
acct_001689,33.0,2.0,3.0,1.0,1.0,0.606,0.0,2.0,0.56,Safe,Safe,0.4642025389569234,0,Safe,Safe
acct_001690,80.0,4.0,1.0,2.0,2.0,0.5,937.2,2.0,1.37,Safe,Potential Abuse,0.4885017224437263,0,Safe,Safe
acct_001691,48.0,3.0,3.0,2.0,2.0,0.583,575.1,2.0,0.82,Safe,Potential Abuse,0.4444190963193122,0,Safe,Safe
acct_001692,84.0,7.0,5.0,5.0,5.0,0.548,432579.4,3.0,1.46,Potential Abuse,Potential Abuse,0.46231608907539345,2,Potential Abuse,Safe
acct_001693,24.0,3.0,1.0,2.0,2.0,0.542,452.1,1.0,0.49,Safe,Potential Abuse,0.5405790793167401,0,Safe,Potential Abuse
acct_001694,58.0,1.0,3.0,1.0,1.0,1.0,0.0,2.0,0.99,Safe,Safe,0.43478499221532363,0,Safe,Safe
acct_001695,24.0,3.0,2.0,2.0,2.0,0.5,752.1,2.0,0.51,Safe,Potential Abuse,0.48630203353029594,0,Safe,Safe
acct_001696,87.0,7.0,6.0,5.0,5.0,0.54,60141.1,3.0,1.49,Potential Abuse,Potential Abuse,0.4810638263626473,2,Potential Abuse,Safe
acct_001697,194.0,67.0,13.0,15.0,19.0,0.216,959220.5,6.0,3.33,Abusive,Abusive,0.6271847208774259,1,Abusive,Abusive
acct_001698,64.0,3.0,1.0,2.0,2.0,0.594,36402.6,2.0,1.11,Safe,Potential Abuse,0.4719325451176436,0,Safe,Safe
acct_001699,68.0,2.0,2.0,2.0,2.0,0.985,160.8,2.0,1.17,Safe,Potential Abuse,0.4439313474332823,0,Safe,Safe
acct_001700,32.0,1.0,3.0,1.0,1.0,1.0,0.0,2.0,0.58,Safe,Safe,0.43394413811158544,0,Safe,Safe
acct_001701,72.0,2.0,2.0,2.0,2.0,0.986,837.0,2.0,1.24,Safe,Potential Abuse,0.4353818864775426,0,Safe,Safe
acct_001702,41.0,2.0,2.0,1.0,1.0,0.512,0.0,3.0,0.73,Safe,Potential Abuse,0.5012584456539864,0,Safe,Potential Abuse
acct_001703,72.0,4.0,2.0,3.0,3.0,0.5,1078.3,2.0,1.3,Safe,Potential Abuse,0.48040232432212926,2,Potential Abuse,Safe
acct_001704,80.0,1.0,1.0,1.0,1.0,1.0,0.0,2.0,1.41,Safe,Safe,0.48753263086850873,0,Safe,Safe
acct_001705,82.0,1.0,3.0,1.0,1.0,1.0,0.0,3.0,1.4,Safe,Potential Abuse,0.5280787754431004,0,Safe,Potential Abuse
acct_001706,57.0,2.0,2.0,1.0,1.0,0.526,0.0,2.0,0.98,Safe,Safe,0.4425015913022413,0,Safe,Safe
acct_001707,64.0,2.0,1.0,2.0,2.0,0.984,23479.5,3.0,1.12,Safe,Potential Abuse,0.49820272994514314,0,Safe,Safe
acct_001708,74.0,2.0,2.0,1.0,1.0,0.541,0.0,2.0,1.29,Safe,Safe,0.4645087957933384,0,Safe,Safe
acct_001709,74.0,1.0,3.0,1.0,1.0,1.0,0.0,2.0,1.25,Safe,Safe,0.45534483951990273,0,Safe,Safe
acct_001710,80.0,2.0,1.0,2.0,2.0,0.988,408.3,2.0,1.35,Safe,Potential Abuse,0.4574997380633316,0,Safe,Safe
acct_001711,81.0,10.0,3.0,7.0,9.0,0.42,144230.5,4.0,1.43,Potential Abuse,Potential Abuse,0.503633869363598,2,Potential Abuse,Potential Abuse
acct_001712,48.0,2.0,1.0,2.0,2.0,0.979,12095.9,2.0,0.84,Safe,Potential Abuse,0.45595420453920926,0,Safe,Safe
acct_001713,40.0,1.0,1.0,1.0,1.0,1.0,0.0,1.0,0.71,Safe,Safe,0.49271980889641465,0,Safe,Safe
acct_001714,85.0,6.0,5.0,6.0,6.0,0.541,74502.7,3.0,1.44,Potential Abuse,Potential Abuse,0.47076201608946805,2,Potential Abuse,Safe
acct_001715,48.0,2.0,1.0,1.0,1.0,0.667,0.0,2.0,0.83,Safe,Safe,0.46639736014068967,0,Safe,Safe
acct_001716,46.0,7.0,5.0,4.0,5.0,0.37,192788.6,4.0,0.83,Potential Abuse,Potential Abuse,0.5125603099971024,2,Potential Abuse,Potential Abuse
acct_001717,74.0,8.0,4.0,6.0,6.0,0.27,82679.2,3.0,1.25,Potential Abuse,Potential Abuse,0.5021084027261102,2,Potential Abuse,Potential Abuse
acct_001718,46.0,5.0,4.0,3.0,4.0,0.565,46449.2,4.0,0.8,Potential Abuse,Potential Abuse,0.5104796656569783,2,Potential Abuse,Potential Abuse
acct_001719,32.0,2.0,1.0,2.0,2.0,0.969,1740.6,2.0,0.55,Safe,Potential Abuse,0.4768642026775171,0,Safe,Safe
acct_001720,32.0,2.0,1.0,2.0,2.0,0.969,680.2,2.0,0.56,Safe,Potential Abuse,0.47560893926412207,0,Safe,Safe
acct_001721,40.0,3.0,1.0,2.0,2.0,0.65,1288.2,3.0,0.71,Safe,Potential Abuse,0.5020100997302082,0,Safe,Potential Abuse
acct_001722,248.0,87.0,11.0,16.0,20.0,0.125,1112232.4,8.0,4.22,Abusive,Abusive,0.580217793835368,1,Abusive,Abusive
acct_001723,122.0,13.0,6.0,6.0,7.0,0.303,222446.5,3.0,2.09,Potential Abuse,Potential Abuse,0.5408904088611942,2,Potential Abuse,Potential Abuse
acct_001724,41.0,3.0,2.0,1.0,2.0,0.951,43.4,2.0,0.72,Safe,Potential Abuse,0.4946239950659082,0,Safe,Safe
acct_001725,32.0,1.0,1.0,1.0,1.0,1.0,0.0,2.0,0.55,Safe,Safe,0.4424089663808889,0,Safe,Safe
acct_001726,124.0,12.0,6.0,5.0,7.0,0.468,435729.3,3.0,2.07,Potential Abuse,Potential Abuse,0.5217683230311294,2,Potential Abuse,Potential Abuse
acct_001727,174.0,61.0,14.0,14.0,18.0,0.172,934056.1,8.0,3.01,Abusive,Abusive,0.6475656930745348,1,Abusive,Abusive
acct_001728,74.0,6.0,6.0,6.0,6.0,0.473,839470.9,3.0,1.32,Potential Abuse,Potential Abuse,0.48901055720701475,2,Potential Abuse,Safe
acct_001729,72.0,1.0,3.0,1.0,1.0,1.0,0.0,3.0,1.27,Safe,Potential Abuse,0.49691409813175175,0,Safe,Safe
acct_001730,207.0,64.0,11.0,16.0,19.0,0.193,934056.1,8.0,3.57,Abusive,Abusive,0.5946288782452427,1,Abusive,Abusive
acct_001731,48.0,1.0,2.0,1.0,1.0,1.0,0.0,2.0,0.81,Safe,Safe,0.41942080355614614,0,Safe,Safe
acct_001732,40.0,2.0,3.0,1.0,1.0,0.55,0.0,2.0,0.71,Safe,Safe,0.4507672867464542,0,Safe,Safe
acct_001733,49.0,1.0,3.0,1.0,1.0,1.0,0.0,2.0,0.85,Safe,Safe,0.43534739773403536,0,Safe,Safe
acct_001734,119.0,13.0,6.0,8.0,9.0,0.513,339354.8,4.0,1.99,Potential Abuse,Abusive,0.5242895800927072,2,Potential Abuse,Potential Abuse
acct_001735,71.0,6.0,3.0,5.0,5.0,0.577,39217.0,4.0,1.21,Potential Abuse,Potential Abuse,0.48898252485170585,2,Potential Abuse,Safe
acct_001736,56.0,3.0,1.0,3.0,3.0,0.964,830.8,2.0,0.94,Safe,Potential Abuse,0.48922883248889015,0,Safe,Safe
acct_001737,65.0,2.0,2.0,1.0,1.0,0.538,0.0,2.0,1.09,Safe,Safe,0.44553956778851544,0,Safe,Safe
acct_001738,73.0,2.0,3.0,1.0,1.0,0.589,0.0,3.0,1.26,Safe,Potential Abuse,0.5073758188254003,0,Safe,Potential Abuse
acct_001739,48.0,2.0,1.0,2.0,2.0,0.979,323.6,2.0,0.87,Safe,Potential Abuse,0.43973466561215613,0,Safe,Safe
acct_001740,92.0,7.0,5.0,4.0,5.0,0.413,47296.2,3.0,1.57,Potential Abuse,Potential Abuse,0.48706846044634955,2,Potential Abuse,Safe
acct_001741,64.0,2.0,1.0,1.0,1.0,0.562,0.0,2.0,1.1,Safe,Safe,0.4590804349688603,0,Safe,Safe
acct_001742,52.0,6.0,6.0,4.0,5.0,0.365,18884.1,3.0,0.93,Potential Abuse,Potential Abuse,0.515576049315203,2,Potential Abuse,Potential Abuse
acct_001743,40.0,2.0,3.0,1.0,1.0,0.6,0.0,2.0,0.7,Safe,Safe,0.4527783284155042,0,Safe,Safe
acct_001744,56.0,1.0,2.0,1.0,1.0,1.0,0.0,2.0,0.94,Safe,Safe,0.4170650838902884,0,Safe,Safe
acct_001745,67.0,1.0,3.0,1.0,1.0,1.0,0.0,3.0,1.14,Safe,Potential Abuse,0.48814164887389755,0,Safe,Safe
acct_001746,41.0,5.0,6.0,5.0,5.0,0.463,82248.1,2.0,0.69,Potential Abuse,Potential Abuse,0.5206985035388954,2,Potential Abuse,Potential Abuse
acct_001747,72.0,2.0,1.0,1.0,1.0,0.986,0.0,2.0,1.21,Safe,Safe,0.47959754768989554,0,Safe,Safe
acct_001748,32.0,2.0,1.0,1.0,1.0,0.5,0.0,1.0,0.54,Safe,Safe,0.5204301727379359,0,Safe,Potential Abuse
acct_001749,80.0,1.0,1.0,1.0,1.0,1.0,0.0,3.0,1.36,Safe,Potential Abuse,0.5250276420383019,0,Safe,Potential Abuse
acct_001750,80.0,6.0,1.0,5.0,5.0,0.488,7499.7,2.0,1.36,Safe,Potential Abuse,0.5174652148743365,2,Potential Abuse,Potential Abuse
acct_001751,74.0,2.0,3.0,1.0,1.0,0.514,0.0,2.0,1.25,Safe,Safe,0.4769498262346913,0,Safe,Safe
acct_001752,82.0,1.0,2.0,1.0,1.0,1.0,0.0,3.0,1.42,Safe,Potential Abuse,0.5219688321111556,0,Safe,Potential Abuse
acct_001753,80.0,6.0,5.0,4.0,4.0,0.512,859917.2,3.0,1.35,Potential Abuse,Potential Abuse,0.47962758065311034,2,Potential Abuse,Safe
acct_001754,363.0,116.0,15.0,16.0,20.0,0.113,1112232.4,8.0,6.08,Abusive,Abusive,0.6464451336221171,1,Abusive,Abusive
acct_001755,64.0,1.0,1.0,1.0,1.0,1.0,0.0,2.0,1.1,Safe,Safe,0.43216001680720706,0,Safe,Safe
acct_001756,116.0,12.0,3.0,9.0,11.0,0.457,762868.3,4.0,1.95,Potential Abuse,Abusive,0.5387487884088099,2,Potential Abuse,Potential Abuse
acct_001757,56.0,3.0,2.0,2.0,2.0,0.5,472.6,2.0,0.98,Safe,Potential Abuse,0.4436179554504916,0,Safe,Safe
acct_001758,40.0,1.0,3.0,1.0,1.0,1.0,0.0,2.0,0.71,Safe,Safe,0.43073616985592894,0,Safe,Safe
acct_001759,115.0,5.0,3.0,4.0,4.0,0.504,9267.5,4.0,1.98,Potential Abuse,Potential Abuse,0.5398619032247466,2,Potential Abuse,Potential Abuse
acct_001760,33.0,3.0,3.0,1.0,2.0,0.515,31.9,2.0,0.56,Safe,Potential Abuse,0.4994326142174166,0,Safe,Safe
acct_001761,33.0,1.0,2.0,1.0,1.0,1.0,0.0,2.0,0.58,Safe,Safe,0.42975977845410473,0,Safe,Safe
acct_001762,40.0,2.0,3.0,1.0,1.0,0.575,0.0,1.0,0.69,Safe,Safe,0.4957265691468758,0,Safe,Safe
acct_001763,82.0,8.0,6.0,4.0,4.0,0.488,56984.4,3.0,1.39,Potential Abuse,Potential Abuse,0.48730087745366824,2,Potential Abuse,Safe
acct_001764,56.0,1.0,2.0,1.0,1.0,1.0,0.0,2.0,0.96,Safe,Safe,0.41579382170689555,0,Safe,Safe
acct_001765,131.0,8.0,3.0,5.0,6.0,0.527,18014.9,4.0,2.23,Potential Abuse,Potential Abuse,0.5484911431695333,2,Potential Abuse,Potential Abuse
acct_001766,80.0,2.0,1.0,1.0,1.0,0.562,0.0,2.0,1.35,Safe,Safe,0.48873136211914037,0,Safe,Safe
acct_001767,32.0,2.0,3.0,2.0,2.0,0.969,248.3,1.0,0.55,Safe,Potential Abuse,0.5131642681274611,0,Safe,Potential Abuse
acct_001768,48.0,3.0,3.0,2.0,2.0,0.542,3011.4,2.0,0.82,Safe,Potential Abuse,0.4431735053880707,0,Safe,Safe
acct_001769,32.0,1.0,3.0,1.0,1.0,1.0,0.0,2.0,0.57,Safe,Safe,0.4336745428536232,0,Safe,Safe
acct_001770,40.0,1.0,1.0,1.0,1.0,1.0,0.0,2.0,0.71,Safe,Safe,0.4306339230916643,0,Safe,Safe
acct_001771,85.0,9.0,5.0,6.0,6.0,0.541,573513.7,3.0,1.51,Potential Abuse,Potential Abuse,0.4706954102296593,2,Potential Abuse,Safe
acct_001772,65.0,2.0,2.0,1.0,1.0,0.523,0.0,3.0,1.13,Safe,Potential Abuse,0.49524102981286,0,Safe,Safe
acct_001773,80.0,2.0,1.0,2.0,2.0,0.988,2972.8,2.0,1.34,Safe,Potential Abuse,0.457607802236273,0,Safe,Safe
acct_001774,264.0,78.0,7.0,14.0,18.0,0.201,1061079.3,11.0,4.49,Abusive,Abusive,0.6592258850657962,1,Abusive,Abusive
acct_001775,26.0,2.0,2.0,1.0,1.0,0.654,0.0,2.0,0.5,Safe,Safe,0.4824502406750254,0,Safe,Safe
acct_001776,24.0,1.0,1.0,1.0,1.0,1.0,0.0,2.0,0.44,Safe,Safe,0.4631434561973822,0,Safe,Safe
acct_001777,57.0,2.0,2.0,1.0,1.0,0.544,0.0,2.0,0.99,Safe,Safe,0.44209606381179406,0,Safe,Safe
acct_001778,80.0,2.0,2.0,2.0,2.0,0.988,254.2,2.0,1.37,Safe,Potential Abuse,0.453130903300719,0,Safe,Safe
acct_001779,81.0,2.0,3.0,2.0,2.0,0.988,3579.3,3.0,1.38,Safe,Potential Abuse,0.4811041603378627,0,Safe,Safe
acct_001780,50.0,6.0,3.0,4.0,4.0,0.46,51237.5,3.0,0.89,Potential Abuse,Potential Abuse,0.47956641664670857,2,Potential Abuse,Safe
acct_001781,56.0,1.0,1.0,1.0,1.0,1.0,0.0,2.0,0.98,Safe,Safe,0.4275132220426005,0,Safe,Safe
acct_001782,56.0,1.0,1.0,1.0,1.0,1.0,0.0,2.0,0.95,Safe,Safe,0.4280879097138274,0,Safe,Safe
acct_001783,276.0,87.0,7.0,16.0,20.0,0.214,1061079.3,10.0,4.62,Abusive,Abusive,0.5967897109418346,1,Abusive,Abusive
acct_001784,32.0,1.0,1.0,1.0,1.0,1.0,0.0,2.0,0.54,Safe,Safe,0.44326196147714203,0,Safe,Safe
acct_001785,25.0,2.0,2.0,1.0,1.0,0.56,0.0,2.0,0.51,Safe,Safe,0.4674748149196617,0,Safe,Safe
acct_001786,72.0,2.0,1.0,2.0,2.0,0.986,1075.3,2.0,1.24,Safe,Potential Abuse,0.4427963896854259,0,Safe,Safe
acct_001787,82.0,1.0,2.0,1.0,1.0,1.0,0.0,3.0,1.4,Safe,Potential Abuse,0.5189794411057326,0,Safe,Potential Abuse
acct_001788,97.0,12.0,3.0,8.0,8.0,0.289,875098.3,4.0,1.69,Potential Abuse,Abusive,0.5369445318445928,2,Potential Abuse,Potential Abuse
acct_001789,66.0,4.0,3.0,3.0,3.0,0.561,3010.0,2.0,1.11,Safe,Potential Abuse,0.4662884488172979,2,Potential Abuse,Safe
acct_001790,48.0,2.0,1.0,2.0,2.0,0.979,648.6,2.0,0.85,Safe,Potential Abuse,0.4360489625801016,0,Safe,Safe
acct_001791,49.0,2.0,2.0,2.0,2.0,0.98,1794.2,2.0,0.83,Safe,Potential Abuse,0.4288329097654705,0,Safe,Safe
acct_001792,48.0,1.0,1.0,1.0,1.0,1.0,0.0,2.0,0.81,Safe,Safe,0.4285878695490684,0,Safe,Safe
acct_001793,32.0,1.0,1.0,1.0,1.0,1.0,0.0,2.0,0.58,Safe,Safe,0.4386862562998297,0,Safe,Safe
acct_001794,82.0,2.0,2.0,2.0,2.0,0.988,1637.4,2.0,1.45,Safe,Potential Abuse,0.46060771484011576,0,Safe,Safe
acct_001795,80.0,4.0,3.0,3.0,3.0,0.512,21069.2,2.0,1.37,Safe,Potential Abuse,0.4722358863636086,2,Potential Abuse,Safe
acct_001796,41.0,4.0,2.0,3.0,3.0,0.512,614.9,3.0,0.72,Safe,Potential Abuse,0.5043658425987377,0,Safe,Potential Abuse
acct_001797,32.0,3.0,2.0,2.0,2.0,0.5,166.7,1.0,0.56,Safe,Potential Abuse,0.51541092680271,0,Safe,Potential Abuse
acct_001798,81.0,1.0,2.0,1.0,1.0,1.0,0.0,3.0,1.39,Safe,Potential Abuse,0.5149958214295874,0,Safe,Potential Abuse
acct_001799,40.0,2.0,1.0,2.0,2.0,0.975,536.6,2.0,0.71,Safe,Potential Abuse,0.4523682431909685,0,Safe,Safe
acct_001800,41.0,2.0,2.0,2.0,2.0,0.976,1639.4,2.0,0.73,Safe,Potential Abuse,0.44018422506625443,0,Safe,Safe
acct_001801,48.0,1.0,1.0,1.0,1.0,1.0,0.0,2.0,0.85,Safe,Safe,0.43000392093234,0,Safe,Safe
acct_001802,315.0,101.0,14.0,16.0,20.0,0.2,1019636.0,10.0,5.31,Abusive,Abusive,0.6197863556452399,1,Abusive,Abusive
acct_001803,111.0,14.0,4.0,10.0,11.0,0.432,108478.4,4.0,1.86,Potential Abuse,Abusive,0.5514857459380779,2,Potential Abuse,Potential Abuse
acct_001804,72.0,1.0,3.0,1.0,1.0,1.0,0.0,3.0,1.24,Safe,Potential Abuse,0.4947939755491118,0,Safe,Safe
acct_001805,56.0,1.0,2.0,1.0,1.0,1.0,0.0,2.0,0.96,Safe,Safe,0.41579382170689555,0,Safe,Safe
acct_001806,260.0,80.0,13.0,15.0,19.0,0.2,1017629.8,8.0,4.38,Abusive,Abusive,0.6247463620916667,1,Abusive,Abusive
acct_001807,56.0,1.0,1.0,1.0,1.0,1.0,0.0,2.0,1.01,Safe,Safe,0.4301529429531075,0,Safe,Safe
acct_001808,49.0,2.0,3.0,2.0,2.0,0.98,898.0,2.0,0.85,Safe,Potential Abuse,0.4314280506376789,0,Safe,Safe
acct_001809,65.0,3.0,2.0,3.0,3.0,0.969,4064.9,2.0,1.11,Safe,Potential Abuse,0.4779174570141612,0,Safe,Safe
acct_001810,72.0,2.0,1.0,2.0,2.0,0.986,4534.1,2.0,1.3,Safe,Potential Abuse,0.45193047412378123,0,Safe,Safe
acct_001811,24.0,1.0,1.0,1.0,1.0,1.0,0.0,1.0,0.66,Safe,Safe,0.500193050605742,0,Safe,Safe
acct_001812,57.0,1.0,3.0,1.0,1.0,1.0,0.0,3.0,0.98,Safe,Potential Abuse,0.4875156283215006,0,Safe,Safe
acct_001813,40.0,1.0,1.0,1.0,1.0,1.0,0.0,2.0,0.68,Safe,Safe,0.4303239675291574,0,Safe,Safe
acct_001814,111.0,9.0,4.0,7.0,7.0,0.477,334213.3,4.0,1.91,Potential Abuse,Potential Abuse,0.4812862907908842,2,Potential Abuse,Safe
acct_001815,41.0,1.0,2.0,1.0,1.0,1.0,0.0,2.0,0.7,Safe,Safe,0.42107321149518767,0,Safe,Safe
acct_001816,25.0,1.0,2.0,1.0,1.0,1.0,0.0,2.0,0.46,Safe,Safe,0.449330768468086,0,Safe,Safe
acct_001817,48.0,1.0,1.0,1.0,1.0,1.0,0.0,2.0,0.86,Safe,Safe,0.4297554539994948,0,Safe,Safe
acct_001818,58.0,2.0,3.0,2.0,2.0,0.983,80351.6,2.0,1.01,Safe,Potential Abuse,0.47220961713250653,0,Safe,Safe
acct_001819,48.0,2.0,1.0,1.0,1.0,0.542,0.0,2.0,0.82,Safe,Safe,0.454020165964919,0,Safe,Safe
acct_001820,82.0,1.0,3.0,1.0,1.0,1.0,0.0,2.0,1.38,Safe,Safe,0.48598294636189326,0,Safe,Safe
acct_001821,237.0,73.0,14.0,15.0,19.0,0.177,1112232.4,8.0,3.96,Abusive,Abusive,0.6317128224519188,1,Abusive,Abusive
acct_001822,40.0,1.0,1.0,1.0,1.0,1.0,0.0,2.0,0.72,Safe,Safe,0.4319325738287997,0,Safe,Safe
acct_001823,32.0,1.0,1.0,1.0,1.0,1.0,0.0,1.0,0.56,Safe,Safe,0.4863603341978498,0,Safe,Safe
acct_001824,80.0,2.0,2.0,2.0,2.0,0.988,1036.4,2.0,1.4,Safe,Potential Abuse,0.45001019455874336,0,Safe,Safe
acct_001825,33.0,4.0,2.0,3.0,3.0,0.515,1732.7,2.0,0.57,Safe,Potential Abuse,0.5057009364677493,0,Safe,Potential Abuse
acct_001826,56.0,2.0,2.0,1.0,1.0,0.554,0.0,2.0,0.98,Safe,Safe,0.4415561694789455,0,Safe,Safe
acct_001827,166.0,58.0,12.0,16.0,19.0,0.175,983647.9,8.0,2.98,Abusive,Abusive,0.6073415559857585,1,Abusive,Abusive
acct_001828,72.0,1.0,1.0,1.0,1.0,1.0,0.0,2.0,1.23,Safe,Safe,0.45248754765415466,0,Safe,Safe
acct_001829,64.0,2.0,1.0,1.0,1.0,0.531,0.0,2.0,1.13,Safe,Safe,0.4611667357614175,0,Safe,Safe
acct_001830,112.0,9.0,5.0,5.0,5.0,0.277,300498.8,4.0,1.92,Potential Abuse,Potential Abuse,0.5217063406291093,2,Potential Abuse,Potential Abuse
acct_001831,33.0,2.0,3.0,1.0,1.0,0.545,0.0,2.0,0.68,Safe,Safe,0.4587943357291959,0,Safe,Safe
acct_001832,80.0,3.0,1.0,2.0,2.0,0.525,254.0,2.0,1.35,Safe,Potential Abuse,0.468325424089187,0,Safe,Safe
acct_001833,40.0,1.0,2.0,1.0,1.0,1.0,0.0,2.0,0.74,Safe,Safe,0.421781582400403,0,Safe,Safe
acct_001834,80.0,2.0,1.0,2.0,2.0,0.988,28.9,3.0,1.35,Safe,Potential Abuse,0.5124795689581065,0,Safe,Potential Abuse
acct_001835,81.0,2.0,2.0,2.0,2.0,0.988,3369.4,3.0,1.4,Safe,Potential Abuse,0.48176244467977,0,Safe,Safe
acct_001836,136.0,13.0,5.0,7.0,8.0,0.471,569844.1,4.0,2.32,Potential Abuse,Potential Abuse,0.5243021042039218,2,Potential Abuse,Potential Abuse
acct_001837,32.0,2.0,2.0,1.0,1.0,0.562,0.0,2.0,0.56,Safe,Safe,0.45246792691145465,0,Safe,Safe
acct_001838,222.0,74.0,9.0,16.0,20.0,0.131,983647.9,7.0,3.74,Abusive,Abusive,0.5639686306973564,1,Abusive,Potential Abuse
acct_001839,103.0,5.0,5.0,5.0,5.0,0.573,334213.3,3.0,1.8,Potential Abuse,Potential Abuse,0.4915187270343177,2,Potential Abuse,Safe
acct_001840,32.0,3.0,3.0,3.0,3.0,0.938,180.9,2.0,0.55,Safe,Potential Abuse,0.5194730627412143,0,Safe,Potential Abuse
acct_001841,64.0,2.0,3.0,1.0,1.0,0.578,0.0,2.0,1.1,Safe,Safe,0.45871869312228164,0,Safe,Safe
acct_001842,93.0,4.0,4.0,4.0,4.0,0.613,269373.6,4.0,1.61,Potential Abuse,Potential Abuse,0.5059534346852128,2,Potential Abuse,Potential Abuse
acct_001843,69.0,4.0,2.0,3.0,3.0,0.507,98581.4,3.0,1.2,Safe,Potential Abuse,0.48202041454814776,2,Potential Abuse,Safe
acct_001844,127.0,7.0,3.0,7.0,7.0,0.512,167694.8,4.0,2.17,Potential Abuse,Potential Abuse,0.514928419572881,2,Potential Abuse,Potential Abuse
acct_001845,99.0,7.0,5.0,6.0,6.0,0.525,88061.3,3.0,1.67,Potential Abuse,Potential Abuse,0.47473525350483775,2,Potential Abuse,Safe
acct_001846,32.0,2.0,3.0,1.0,1.0,0.531,0.0,2.0,0.58,Safe,Safe,0.4605700204154382,0,Safe,Safe
acct_001847,59.0,2.0,3.0,1.0,1.0,0.508,0.0,2.0,1.09,Safe,Safe,0.463993590672868,0,Safe,Safe
acct_001848,73.0,1.0,3.0,1.0,1.0,1.0,0.0,2.0,1.25,Safe,Safe,0.45309096362929,0,Safe,Safe
acct_001849,41.0,1.0,3.0,1.0,1.0,1.0,0.0,2.0,0.71,Safe,Safe,0.43211671099759147,0,Safe,Safe
acct_001850,64.0,1.0,3.0,1.0,1.0,1.0,0.0,2.0,1.1,Safe,Safe,0.43602316354536513,0,Safe,Safe
acct_001851,64.0,2.0,1.0,1.0,1.0,0.594,0.0,2.0,1.09,Safe,Safe,0.4616821044915154,0,Safe,Safe
acct_001852,99.0,14.0,4.0,7.0,10.0,0.525,163941.3,4.0,1.74,Potential Abuse,Potential Abuse,0.5266366294467367,2,Potential Abuse,Potential Abuse
acct_001853,246.0,75.0,10.0,15.0,19.0,0.199,934056.1,11.0,4.1,Abusive,Abusive,0.6360863613596244,1,Abusive,Abusive
acct_001854,24.0,1.0,2.0,1.0,1.0,1.0,0.0,2.0,0.44,Safe,Safe,0.4486806070814323,0,Safe,Safe
acct_001855,64.0,1.0,1.0,1.0,1.0,1.0,0.0,3.0,1.11,Safe,Potential Abuse,0.49550626304401624,0,Safe,Safe
acct_001856,24.0,1.0,3.0,1.0,1.0,1.0,0.0,1.0,0.43,Safe,Safe,0.49180299963731955,0,Safe,Safe
acct_001857,33.0,2.0,3.0,2.0,2.0,0.97,121.3,2.0,0.61,Safe,Potential Abuse,0.4727209368202404,0,Safe,Safe
acct_001858,24.0,2.0,1.0,2.0,2.0,0.958,935.0,1.0,0.49,Safe,Potential Abuse,0.5427608922182017,0,Safe,Potential Abuse
acct_001859,48.0,10.0,4.0,6.0,7.0,0.25,89507.5,3.0,0.8,Potential Abuse,Potential Abuse,0.5331183168933873,2,Potential Abuse,Potential Abuse
acct_001860,80.0,2.0,3.0,1.0,1.0,0.562,0.0,2.0,1.37,Safe,Safe,0.4871593931728584,0,Safe,Safe
acct_001861,24.0,1.0,2.0,1.0,1.0,1.0,0.0,1.0,0.43,Safe,Safe,0.48324561384500886,0,Safe,Safe
acct_001862,57.0,3.0,2.0,1.0,1.0,0.526,0.0,2.0,0.97,Safe,Potential Abuse,0.480838926707797,0,Safe,Safe
acct_001863,44.0,2.0,3.0,2.0,2.0,0.977,164.7,2.0,0.79,Safe,Potential Abuse,0.4450835497959603,0,Safe,Safe
acct_001864,40.0,1.0,3.0,1.0,1.0,1.0,0.0,2.0,0.67,Safe,Safe,0.431609236887041,0,Safe,Safe
acct_001865,48.0,1.0,1.0,1.0,1.0,1.0,0.0,2.0,0.83,Safe,Safe,0.4275820276425205,0,Safe,Safe
acct_001866,48.0,2.0,1.0,1.0,1.0,0.562,0.0,1.0,0.8,Safe,Safe,0.5041411587171793,0,Safe,Potential Abuse
acct_001867,330.0,123.0,6.0,16.0,20.0,0.076,983647.9,10.0,5.55,Abusive,Abusive,0.6189848048477907,1,Abusive,Abusive
acct_001868,24.0,1.0,2.0,1.0,1.0,1.0,0.0,2.0,0.45,Safe,Safe,0.4492795106305943,0,Safe,Safe
acct_001869,48.0,3.0,1.0,2.0,2.0,0.5,851.8,2.0,0.8,Safe,Potential Abuse,0.45368226913650855,0,Safe,Safe
acct_001870,48.0,2.0,1.0,1.0,1.0,0.542,0.0,3.0,0.83,Safe,Potential Abuse,0.5065879795417421,0,Safe,Potential Abuse
acct_001871,58.0,3.0,6.0,3.0,3.0,0.603,3356.6,2.0,0.99,Potential Abuse,Potential Abuse,0.5136505077539056,2,Potential Abuse,Potential Abuse
acct_001872,24.0,1.0,2.0,1.0,1.0,1.0,0.0,2.0,0.44,Safe,Safe,0.4486806070814323,0,Safe,Safe
acct_001873,76.0,2.0,2.0,2.0,2.0,0.987,480.5,2.0,1.28,Safe,Potential Abuse,0.44109694219618234,0,Safe,Safe
acct_001874,72.0,1.0,2.0,1.0,1.0,1.0,0.0,3.0,1.23,Safe,Potential Abuse,0.4878925583686714,0,Safe,Safe
acct_001875,40.0,2.0,3.0,1.0,1.0,0.575,0.0,1.0,0.7,Safe,Safe,0.49603899274846613,0,Safe,Safe
acct_001876,98.0,6.0,4.0,5.0,5.0,0.49,325552.0,3.0,1.68,Potential Abuse,Potential Abuse,0.46785756627403813,2,Potential Abuse,Safe
acct_001877,202.0,75.0,10.0,15.0,19.0,0.153,931411.7,9.0,3.45,Abusive,Abusive,0.6094778414916735,1,Abusive,Abusive
acct_001878,73.0,2.0,2.0,1.0,1.0,0.589,0.0,2.0,1.27,Safe,Safe,0.463012135270697,0,Safe,Safe
acct_001879,80.0,2.0,1.0,2.0,2.0,0.988,5470.6,2.0,1.37,Safe,Potential Abuse,0.462764092966234,0,Safe,Safe
acct_001880,279.0,109.0,9.0,16.0,20.0,0.14,959325.3,10.0,4.74,Abusive,Abusive,0.5741785429316807,1,Abusive,Potential Abuse
acct_001881,73.0,1.0,2.0,1.0,1.0,1.0,0.0,2.0,1.35,Safe,Safe,0.4534773201484498,0,Safe,Safe
acct_001882,57.0,1.0,3.0,1.0,1.0,1.0,0.0,2.0,0.96,Safe,Safe,0.4336505857827331,0,Safe,Safe
acct_001883,68.0,9.0,3.0,5.0,6.0,0.603,865158.8,5.0,1.14,Potential Abuse,Potential Abuse,0.536906658662239,2,Potential Abuse,Potential Abuse
acct_001884,64.0,4.0,2.0,3.0,3.0,0.562,10112.6,2.0,1.11,Safe,Potential Abuse,0.4735244402921493,2,Potential Abuse,Safe
acct_001885,262.0,81.0,12.0,16.0,20.0,0.115,959220.5,10.0,4.42,Abusive,Abusive,0.5883071420241562,1,Abusive,Abusive
acct_001886,72.0,3.0,1.0,2.0,2.0,0.583,433.0,2.0,1.21,Safe,Potential Abuse,0.4572933099095839,0,Safe,Safe
acct_001887,32.0,2.0,2.0,1.0,1.0,0.5,0.0,2.0,0.57,Safe,Safe,0.46301600557219297,0,Safe,Safe
acct_001888,80.0,2.0,1.0,1.0,1.0,0.55,0.0,2.0,1.36,Safe,Safe,0.4894519993179361,0,Safe,Safe
acct_001889,48.0,2.0,1.0,1.0,1.0,0.604,0.0,2.0,0.83,Safe,Safe,0.45870497485306566,0,Safe,Safe
acct_001890,104.0,9.0,5.0,6.0,7.0,0.51,234830.1,3.0,1.75,Potential Abuse,Potential Abuse,0.474339978741183,2,Potential Abuse,Safe
acct_001891,48.0,3.0,2.0,3.0,3.0,0.958,1114.6,2.0,0.82,Safe,Potential Abuse,0.4838715962293412,0,Safe,Safe
acct_001892,64.0,3.0,1.0,2.0,2.0,0.531,505.3,2.0,1.09,Safe,Potential Abuse,0.44723292189991476,0,Safe,Safe
acct_001893,98.0,12.0,5.0,4.0,6.0,0.398,609409.1,3.0,1.66,Potential Abuse,Potential Abuse,0.5069145523282775,2,Potential Abuse,Potential Abuse
acct_001894,32.0,3.0,1.0,1.0,1.0,0.531,0.0,2.0,0.61,Safe,Potential Abuse,0.49955852785861254,0,Safe,Safe
acct_001895,64.0,3.0,1.0,2.0,2.0,0.5,44778.0,2.0,1.1,Safe,Potential Abuse,0.47715236767208896,0,Safe,Safe
acct_001896,25.0,2.0,3.0,1.0,1.0,0.56,0.0,2.0,0.46,Safe,Safe,0.48032600297025896,0,Safe,Safe
acct_001897,41.0,6.0,5.0,5.0,5.0,0.634,24847.5,2.0,0.75,Potential Abuse,Potential Abuse,0.5285732247774385,2,Potential Abuse,Potential Abuse
acct_001898,82.0,3.0,2.0,1.0,2.0,0.524,518.3,3.0,1.44,Safe,Potential Abuse,0.5045716542838312,0,Safe,Potential Abuse
acct_001899,256.0,85.0,14.0,16.0,20.0,0.109,959325.3,7.0,4.37,Abusive,Abusive,0.6024671272905483,1,Abusive,Abusive
acct_001900,48.0,2.0,1.0,2.0,2.0,0.979,483.2,2.0,0.84,Safe,Potential Abuse,0.43801379786638345,0,Safe,Safe
acct_001901,40.0,1.0,1.0,1.0,1.0,1.0,0.0,2.0,0.68,Safe,Safe,0.4303239675291574,0,Safe,Safe
acct_001902,64.0,2.0,3.0,2.0,2.0,0.984,697.6,3.0,1.17,Safe,Potential Abuse,0.46458618495504633,0,Safe,Safe
acct_001903,56.0,2.0,2.0,1.0,1.0,0.518,0.0,1.0,0.96,Safe,Safe,0.5023887274355562,0,Safe,Potential Abuse
acct_001904,48.0,3.0,1.0,3.0,3.0,0.958,3824.0,2.0,0.85,Safe,Potential Abuse,0.4932474631342107,0,Safe,Safe
acct_001905,75.0,5.0,3.0,3.0,4.0,0.507,90087.4,3.0,1.31,Safe,Potential Abuse,0.46676551506432,2,Potential Abuse,Safe
acct_001906,82.0,7.0,5.0,5.0,5.0,0.402,130174.1,4.0,1.38,Potential Abuse,Potential Abuse,0.47845970500639295,2,Potential Abuse,Safe
acct_001907,56.0,2.0,1.0,1.0,1.0,0.607,0.0,2.0,0.95,Safe,Safe,0.4612232393465651,0,Safe,Safe
acct_001908,72.0,1.0,1.0,1.0,1.0,1.0,0.0,2.0,1.23,Safe,Safe,0.45248754765415466,0,Safe,Safe
acct_001909,40.0,1.0,1.0,1.0,1.0,1.0,0.0,2.0,0.7,Safe,Safe,0.4304943962818194,0,Safe,Safe
acct_001910,24.0,1.0,2.0,1.0,1.0,1.0,0.0,2.0,0.46,Safe,Safe,0.44781852265799954,0,Safe,Safe
acct_001911,64.0,1.0,3.0,1.0,1.0,1.0,0.0,2.0,1.08,Safe,Safe,0.4364707907747463,0,Safe,Safe
acct_001912,64.0,2.0,1.0,1.0,1.0,0.531,0.0,3.0,1.11,Safe,Potential Abuse,0.50872973106818,0,Safe,Potential Abuse
acct_001913,24.0,2.0,3.0,1.0,1.0,0.583,0.0,2.0,0.44,Safe,Safe,0.48063613040529113,0,Safe,Safe
acct_001914,285.0,96.0,12.0,16.0,20.0,0.126,1112232.4,11.0,4.83,Abusive,Abusive,0.611982773610031,1,Abusive,Abusive
acct_001915,286.0,90.0,8.0,16.0,20.0,0.143,1017629.8,9.0,4.83,Abusive,Abusive,0.5670977816995137,1,Abusive,Potential Abuse
acct_001916,40.0,3.0,3.0,2.0,2.0,0.55,390.9,1.0,0.71,Safe,Potential Abuse,0.49903717290466565,0,Safe,Safe
acct_001917,73.0,2.0,2.0,2.0,2.0,0.986,2196.4,3.0,1.23,Safe,Potential Abuse,0.4690635943380147,0,Safe,Safe
acct_001918,64.0,10.0,4.0,7.0,7.0,0.312,919949.9,4.0,1.08,Potential Abuse,Potential Abuse,0.5236467378025288,2,Potential Abuse,Potential Abuse
acct_001919,33.0,2.0,3.0,2.0,2.0,0.97,40.5,3.0,0.59,Safe,Potential Abuse,0.5226947865062987,0,Safe,Potential Abuse
acct_001920,25.0,2.0,2.0,1.0,1.0,0.56,0.0,2.0,0.5,Safe,Safe,0.46842200714164145,0,Safe,Safe
acct_001921,24.0,1.0,1.0,1.0,1.0,1.0,0.0,2.0,0.42,Safe,Safe,0.4687334531699941,0,Safe,Safe
acct_001922,67.0,10.0,5.0,6.0,8.0,0.418,69958.6,4.0,1.2,Potential Abuse,Potential Abuse,0.5064806567365083,2,Potential Abuse,Potential Abuse
acct_001923,119.0,13.0,6.0,9.0,9.0,0.454,865158.8,4.0,2.02,Potential Abuse,Abusive,0.5341954872574418,2,Potential Abuse,Potential Abuse
acct_001924,41.0,2.0,2.0,1.0,1.0,0.659,0.0,2.0,0.7,Safe,Safe,0.4562508945102248,0,Safe,Safe
acct_001925,80.0,3.0,1.0,3.0,3.0,0.975,4335.9,2.0,1.42,Safe,Potential Abuse,0.5037448708512315,0,Safe,Potential Abuse
acct_001926,48.0,3.0,1.0,2.0,2.0,0.542,584.9,2.0,0.82,Safe,Potential Abuse,0.45026509742684306,0,Safe,Safe
acct_001927,438.0,128.0,15.0,16.0,20.0,0.189,1061079.3,8.0,7.39,Abusive,Abusive,0.6829453660844063,1,Abusive,Abusive
acct_001928,73.0,1.0,2.0,1.0,1.0,1.0,0.0,2.0,1.25,Safe,Safe,0.4408384986349554,0,Safe,Safe
acct_001929,72.0,1.0,1.0,1.0,1.0,1.0,0.0,3.0,1.33,Safe,Potential Abuse,0.5127024435174522,0,Safe,Potential Abuse
acct_001930,216.0,71.0,10.0,16.0,20.0,0.194,900033.2,7.0,3.68,Abusive,Abusive,0.5781416890818006,1,Abusive,Abusive
acct_001931,59.0,5.0,5.0,4.0,4.0,0.458,29226.8,2.0,1.02,Potential Abuse,Potential Abuse,0.49474987564691286,2,Potential Abuse,Safe
acct_001932,63.0,6.0,6.0,4.0,4.0,0.508,105845.7,3.0,1.06,Potential Abuse,Potential Abuse,0.4774891307172421,2,Potential Abuse,Safe
acct_001933,308.0,101.0,8.0,16.0,20.0,0.104,959220.5,11.0,5.23,Abusive,Abusive,0.6011686895415257,1,Abusive,Abusive
acct_001934,75.0,7.0,6.0,5.0,5.0,0.427,210280.0,3.0,1.29,Potential Abuse,Potential Abuse,0.47799078877570295,2,Potential Abuse,Safe
acct_001935,49.0,3.0,2.0,3.0,3.0,0.959,13161.9,2.0,0.85,Safe,Potential Abuse,0.49479572617761947,0,Safe,Safe
acct_001936,40.0,1.0,1.0,1.0,1.0,1.0,0.0,2.0,0.68,Safe,Safe,0.4303239675291574,0,Safe,Safe
acct_001937,81.0,4.0,2.0,4.0,4.0,0.963,8474.9,2.0,1.37,Safe,Potential Abuse,0.5257556604268757,0,Safe,Potential Abuse
acct_001938,80.0,3.0,3.0,3.0,3.0,0.975,4163.7,2.0,1.34,Safe,Potential Abuse,0.48416589944325183,0,Safe,Safe
acct_001939,72.0,3.0,1.0,2.0,2.0,0.514,1369.1,2.0,1.27,Safe,Potential Abuse,0.45284857667667505,0,Safe,Safe
acct_001940,56.0,1.0,1.0,1.0,1.0,1.0,0.0,2.0,1.03,Safe,Safe,0.430663027601989,0,Safe,Safe
acct_001941,32.0,1.0,1.0,1.0,1.0,1.0,0.0,1.0,0.58,Safe,Safe,0.48595766734987816,0,Safe,Safe
acct_001942,113.0,9.0,4.0,6.0,6.0,0.46,112246.6,3.0,1.91,Potential Abuse,Potential Abuse,0.4854428165538062,2,Potential Abuse,Safe
acct_001943,73.0,2.0,3.0,2.0,2.0,0.986,3809.7,2.0,1.25,Safe,Potential Abuse,0.44485182776726545,0,Safe,Safe
acct_001944,24.0,3.0,2.0,1.0,2.0,0.625,910.8,2.0,0.42,Safe,Potential Abuse,0.5137992433818631,0,Safe,Potential Abuse
acct_001945,173.0,66.0,12.0,14.0,18.0,0.116,871458.7,9.0,2.96,Abusive,Abusive,0.6467084030749535,1,Abusive,Abusive
acct_001946,73.0,1.0,3.0,1.0,1.0,1.0,0.0,3.0,1.25,Safe,Potential Abuse,0.4951000426076691,0,Safe,Safe
acct_001947,373.0,128.0,6.0,16.0,20.0,0.107,965670.0,12.0,6.36,Abusive,Abusive,0.65585560384569,1,Abusive,Abusive
acct_001948,272.0,101.0,10.0,16.0,20.0,0.154,1061079.3,6.0,4.65,Abusive,Abusive,0.5945731478428897,1,Abusive,Abusive
acct_001949,48.0,1.0,1.0,1.0,1.0,1.0,0.0,2.0,0.83,Safe,Safe,0.4275820276425205,0,Safe,Safe
acct_001950,98.0,8.0,3.0,5.0,5.0,0.531,84887.2,4.0,1.67,Potential Abuse,Potential Abuse,0.4876655675736879,2,Potential Abuse,Safe
acct_001951,64.0,2.0,2.0,1.0,1.0,0.594,0.0,2.0,1.07,Safe,Safe,0.44663110641945475,0,Safe,Safe
acct_001952,72.0,1.0,1.0,1.0,1.0,1.0,0.0,2.0,1.24,Safe,Safe,0.4532469129418205,0,Safe,Safe
acct_001953,83.0,2.0,2.0,2.0,2.0,0.988,67.6,2.0,1.4,Safe,Potential Abuse,0.48222396454281674,0,Safe,Safe
acct_001954,95.0,9.0,6.0,7.0,8.0,0.516,267467.3,4.0,1.63,Potential Abuse,Potential Abuse,0.4922472080623146,2,Potential Abuse,Safe
acct_001955,32.0,1.0,1.0,1.0,1.0,1.0,0.0,1.0,0.63,Safe,Safe,0.4910389275027914,0,Safe,Safe
acct_001956,64.0,1.0,2.0,1.0,1.0,1.0,0.0,2.0,1.08,Safe,Safe,0.42276684603663206,0,Safe,Safe
acct_001957,24.0,1.0,3.0,1.0,1.0,1.0,0.0,2.0,0.43,Safe,Safe,0.45659527870720695,0,Safe,Safe
acct_001958,392.0,126.0,8.0,16.0,20.0,0.135,1112232.4,12.0,6.61,Abusive,Abusive,0.6626981580422546,1,Abusive,Abusive
acct_001959,54.0,6.0,3.0,4.0,4.0,0.352,13719.0,4.0,0.91,Potential Abuse,Potential Abuse,0.5289491833887565,2,Potential Abuse,Potential Abuse
acct_001960,58.0,1.0,2.0,1.0,1.0,1.0,0.0,3.0,1.02,Safe,Potential Abuse,0.47976067369585795,0,Safe,Safe
acct_001961,65.0,1.0,2.0,1.0,1.0,1.0,0.0,2.0,1.1,Safe,Safe,0.4235565371818178,0,Safe,Safe
acct_001962,49.0,1.0,3.0,1.0,1.0,1.0,0.0,2.0,0.82,Safe,Safe,0.4348152673768252,0,Safe,Safe
acct_001963,24.0,1.0,3.0,1.0,1.0,1.0,0.0,2.0,0.41,Safe,Safe,0.4640894896417349,0,Safe,Safe
acct_001964,56.0,3.0,2.0,3.0,3.0,0.964,598.7,2.0,0.97,Safe,Potential Abuse,0.48006690783779193,0,Safe,Safe
acct_001965,25.0,1.0,2.0,1.0,1.0,1.0,0.0,2.0,0.42,Safe,Safe,0.45931269787323725,0,Safe,Safe
acct_001966,83.0,3.0,3.0,3.0,3.0,0.976,843.7,2.0,1.45,Safe,Potential Abuse,0.5010716744718534,0,Safe,Potential Abuse
acct_001967,126.0,12.0,6.0,6.0,8.0,0.508,94018.9,3.0,2.11,Potential Abuse,Potential Abuse,0.5245107004467444,2,Potential Abuse,Potential Abuse
acct_001968,56.0,3.0,1.0,2.0,2.0,0.518,1232.4,2.0,0.95,Safe,Potential Abuse,0.4477858668195636,0,Safe,Safe
acct_001969,75.0,1.0,2.0,1.0,1.0,1.0,0.0,2.0,1.28,Safe,Safe,0.4486314629813821,0,Safe,Safe
acct_001970,113.0,13.0,3.0,8.0,9.0,0.478,589488.5,4.0,1.9,Potential Abuse,Abusive,0.517052870708356,2,Potential Abuse,Potential Abuse
acct_001971,80.0,4.0,1.0,3.0,4.0,0.962,2987.4,2.0,1.35,Safe,Potential Abuse,0.5234238671110194,0,Safe,Potential Abuse
acct_001972,32.0,4.0,2.0,4.0,4.0,0.906,8540.1,2.0,0.54,Safe,Potential Abuse,0.5522612500567903,0,Safe,Potential Abuse
acct_001973,56.0,2.0,1.0,1.0,2.0,0.982,1535.9,3.0,0.93,Safe,Potential Abuse,0.5063405457805179,0,Safe,Potential Abuse
acct_001974,56.0,1.0,2.0,1.0,1.0,1.0,0.0,3.0,0.98,Safe,Potential Abuse,0.47643015315323206,0,Safe,Safe
acct_001975,32.0,1.0,1.0,1.0,1.0,1.0,0.0,2.0,0.61,Safe,Safe,0.4396033552854398,0,Safe,Safe
acct_001976,41.0,2.0,2.0,1.0,1.0,0.512,0.0,2.0,0.69,Safe,Safe,0.4476563853101497,0,Safe,Safe
acct_001977,32.0,1.0,3.0,1.0,1.0,1.0,0.0,2.0,0.59,Safe,Safe,0.434880933975697,0,Safe,Safe
acct_001978,128.0,14.0,6.0,9.0,12.0,0.477,938722.4,3.0,2.17,Potential Abuse,Abusive,0.5616921612061402,2,Potential Abuse,Potential Abuse
acct_001979,33.0,2.0,3.0,1.0,1.0,0.606,0.0,2.0,0.56,Safe,Safe,0.4642025389569234,0,Safe,Safe
acct_001980,41.0,1.0,2.0,1.0,1.0,1.0,0.0,2.0,0.7,Safe,Safe,0.42107321149518767,0,Safe,Safe
acct_001981,336.0,118.0,8.0,16.0,20.0,0.092,823859.7,9.0,5.64,Abusive,Abusive,0.611079389218165,1,Abusive,Abusive
acct_001982,57.0,1.0,3.0,1.0,1.0,1.0,0.0,2.0,1.0,Safe,Safe,0.43490736361469085,0,Safe,Safe
acct_001983,24.0,1.0,3.0,1.0,1.0,1.0,0.0,2.0,0.44,Safe,Safe,0.4550794902587208,0,Safe,Safe
acct_001984,64.0,4.0,3.0,3.0,4.0,0.953,32950.4,2.0,1.1,Safe,Potential Abuse,0.5063723465324397,0,Safe,Potential Abuse
acct_001985,104.0,12.0,5.0,8.0,11.0,0.462,500232.7,4.0,1.77,Potential Abuse,Abusive,0.5160412785383792,2,Potential Abuse,Potential Abuse
acct_001986,50.0,1.0,3.0,1.0,1.0,1.0,0.0,2.0,0.83,Safe,Safe,0.4343551039797632,0,Safe,Safe
acct_001987,33.0,1.0,3.0,1.0,1.0,1.0,0.0,2.0,0.6,Safe,Safe,0.4347703514893952,0,Safe,Safe
acct_001988,56.0,1.0,2.0,1.0,1.0,1.0,0.0,3.0,0.97,Safe,Potential Abuse,0.47584816636463656,0,Safe,Safe
acct_001989,81.0,2.0,3.0,1.0,1.0,0.556,0.0,3.0,1.36,Safe,Potential Abuse,0.5166902290137048,0,Safe,Potential Abuse
acct_001990,47.0,6.0,3.0,3.0,4.0,0.553,39133.0,3.0,0.79,Potential Abuse,Potential Abuse,0.48529640364286686,2,Potential Abuse,Safe
acct_001991,73.0,3.0,2.0,2.0,2.0,0.548,327.0,2.0,1.24,Safe,Potential Abuse,0.44640632658865753,0,Safe,Safe
acct_001992,64.0,3.0,1.0,2.0,2.0,0.625,6324.9,2.0,1.08,Safe,Potential Abuse,0.4593278460935196,0,Safe,Safe
acct_001993,41.0,2.0,2.0,1.0,1.0,0.61,0.0,2.0,0.7,Safe,Safe,0.44636186792604554,0,Safe,Safe
acct_001994,80.0,3.0,2.0,3.0,3.0,0.975,2068.7,2.0,1.37,Safe,Potential Abuse,0.4816375478458239,0,Safe,Safe
acct_001995,80.0,1.0,3.0,1.0,1.0,1.0,0.0,2.0,1.34,Safe,Safe,0.4717044796371033,0,Safe,Safe
acct_001996,413.0,127.0,13.0,16.0,20.0,0.179,959220.5,8.0,6.9,Abusive,Abusive,0.6569993357839599,1,Abusive,Abusive
acct_001997,417.0,133.0,7.0,16.0,20.0,0.096,919949.9,9.0,7.04,Abusive,Abusive,0.6596322194073323,1,Abusive,Abusive
acct_001998,40.0,1.0,3.0,1.0,1.0,1.0,0.0,2.0,0.7,Safe,Safe,0.43049645383069185,0,Safe,Safe
acct_001999,40.0,2.0,3.0,1.0,1.0,0.525,0.0,2.0,0.71,Safe,Safe,0.4522127938853097,0,Safe,Safe
